n,m,beta_min,beta_max,bqm_is_normalized,space_type,annealing_type,seed,energy,feasible,minla_cost,time_s
25,151,1e-06,1e-06,False,geometric,default,42,25191.0,False,,5.72
25,151,1e-06,1e-06,False,geometric,default,123,26037.0,False,,5.714
25,151,1e-06,1e-06,False,geometric,default,456,24582.0,False,,5.746
25,151,1e-06,1e-06,False,geometric,default,789,25297.0,False,,5.697
25,151,1e-06,1e-06,False,geometric,default,999,23046.0,False,,5.695
25,151,1e-06,1e-05,False,geometric,default,42,23824.0,False,,5.694
25,151,1e-06,1e-05,False,geometric,default,123,25363.0,False,,5.687
25,151,1e-06,1e-05,False,geometric,default,456,23814.0,False,,5.681
25,151,1e-06,1e-05,False,geometric,default,789,23498.0,False,,5.662
25,151,1e-06,1e-05,False,geometric,default,999,23241.0,False,,5.687
25,151,1e-06,0.0001,False,geometric,default,42,23774.0,False,,5.699
25,151,1e-06,0.0001,False,geometric,default,123,26220.0,False,,5.688
25,151,1e-06,0.0001,False,geometric,default,456,23174.0,False,,5.686
25,151,1e-06,0.0001,False,geometric,default,789,24605.0,False,,5.664
25,151,1e-06,0.0001,False,geometric,default,999,23108.0,False,,5.669
25,151,1e-06,0.001,False,geometric,default,42,18836.0,False,,5.691
25,151,1e-06,0.001,False,geometric,default,123,20359.0,False,,5.668
25,151,1e-06,0.001,False,geometric,default,456,19233.0,False,,5.648
25,151,1e-06,0.001,False,geometric,default,789,18925.0,False,,5.682
25,151,1e-06,0.001,False,geometric,default,999,21203.0,False,,5.697
25,151,1e-06,0.01,False,geometric,default,42,5309.0,False,,5.438
25,151,1e-06,0.01,False,geometric,default,123,5384.0,False,,5.679
25,151,1e-06,0.01,False,geometric,default,456,5846.0,False,,5.423
25,151,1e-06,0.01,False,geometric,default,789,5791.0,False,,5.669
25,151,1e-06,0.01,False,geometric,default,999,5521.0,False,,5.699
25,151,1e-06,0.1,False,geometric,default,42,2145.0,False,,5.452
25,151,1e-06,0.1,False,geometric,default,123,2158.0,False,,5.464
25,151,1e-06,0.1,False,geometric,default,456,2067.0,False,,5.492
25,151,1e-06,0.1,False,geometric,default,789,2166.0,False,,5.425
25,151,1e-06,0.1,False,geometric,default,999,2069.0,False,,5.609
25,151,1e-06,1.0,False,geometric,default,42,1086.0,False,,8.122
25,151,1e-06,1.0,False,geometric,default,123,1073.0,False,,7.609
25,151,1e-06,1.0,False,geometric,default,456,1082.0,False,,7.617
25,151,1e-06,1.0,False,geometric,default,789,1086.0,False,,7.628
25,151,1e-06,1.0,False,geometric,default,999,1063.0,False,,7.622
25,151,1e-06,10.0,False,geometric,default,42,1008.0,False,,35.118
25,151,1e-06,10.0,False,geometric,default,123,995.0,False,,35.46
25,151,1e-06,10.0,False,geometric,default,456,985.0,False,,35.324
25,151,1e-06,10.0,False,geometric,default,789,996.0,False,,35.69
25,151,1e-06,10.0,False,geometric,default,999,1007.0,False,,35.607
25,151,1e-05,1e-05,False,geometric,default,42,23845.0,False,,5.735
25,151,1e-05,1e-05,False,geometric,default,123,25326.0,False,,5.715
25,151,1e-05,1e-05,False,geometric,default,456,24622.0,False,,5.708
25,151,1e-05,1e-05,False,geometric,default,789,23476.0,False,,5.68
25,151,1e-05,1e-05,False,geometric,default,999,23046.0,False,,5.71
25,151,1e-05,0.0001,False,geometric,default,42,23774.0,False,,5.682
25,151,1e-05,0.0001,False,geometric,default,123,25153.0,False,,5.698
25,151,1e-05,0.0001,False,geometric,default,456,24890.0,False,,5.687
25,151,1e-05,0.0001,False,geometric,default,789,24605.0,False,,5.688
25,151,1e-05,0.0001,False,geometric,default,999,22173.0,False,,5.683
25,151,1e-05,0.001,False,geometric,default,42,19394.0,False,,5.716
25,151,1e-05,0.001,False,geometric,default,123,18086.0,False,,5.72
25,151,1e-05,0.001,False,geometric,default,456,16969.0,False,,5.651
25,151,1e-05,0.001,False,geometric,default,789,16803.0,False,,5.672
25,151,1e-05,0.001,False,geometric,default,999,20100.0,False,,5.711
25,151,1e-05,0.01,False,geometric,default,42,5673.0,False,,5.69
25,151,1e-05,0.01,False,geometric,default,123,5383.0,False,,5.44
25,151,1e-05,0.01,False,geometric,default,456,5355.0,False,,5.444
25,151,1e-05,0.01,False,geometric,default,789,5970.0,False,,5.459
25,151,1e-05,0.01,False,geometric,default,999,5690.0,False,,5.679
25,151,1e-05,0.1,False,geometric,default,42,2083.0,False,,5.486
25,151,1e-05,0.1,False,geometric,default,123,2139.0,False,,5.746
25,151,1e-05,0.1,False,geometric,default,456,1940.0,False,,6.195
25,151,1e-05,0.1,False,geometric,default,789,2100.0,False,,5.433
25,151,1e-05,0.1,False,geometric,default,999,2002.0,False,,5.449
25,151,1e-05,1.0,False,geometric,default,42,1090.0,False,,7.54
25,151,1e-05,1.0,False,geometric,default,123,1024.0,False,,7.573
25,151,1e-05,1.0,False,geometric,default,456,1016.0,False,,7.514
25,151,1e-05,1.0,False,geometric,default,789,1060.0,False,,7.656
25,151,1e-05,1.0,False,geometric,default,999,1068.0,False,,7.558
25,151,1e-05,10.0,False,geometric,default,42,1012.0,False,,34.348
25,151,1e-05,10.0,False,geometric,default,123,1033.0,False,,34.938
25,151,1e-05,10.0,False,geometric,default,456,991.0,False,,34.889
25,151,1e-05,10.0,False,geometric,default,789,989.0,False,,34.77
25,151,1e-05,10.0,False,geometric,default,999,1012.0,False,,34.888
25,151,0.0001,0.0001,False,geometric,default,42,24403.0,False,,5.722
25,151,0.0001,0.0001,False,geometric,default,123,20666.0,False,,5.759
25,151,0.0001,0.0001,False,geometric,default,456,25670.0,False,,5.707
25,151,0.0001,0.0001,False,geometric,default,789,24699.0,False,,5.689
25,151,0.0001,0.0001,False,geometric,default,999,22577.0,False,,5.713
25,151,0.0001,0.001,False,geometric,default,42,18545.0,False,,5.682
25,151,0.0001,0.001,False,geometric,default,123,18800.0,False,,5.723
25,151,0.0001,0.001,False,geometric,default,456,15033.0,False,,5.678
25,151,0.0001,0.001,False,geometric,default,789,18487.0,False,,5.703
25,151,0.0001,0.001,False,geometric,default,999,15840.0,False,,5.69
25,151,0.0001,0.01,False,geometric,default,42,5830.0,False,,5.918
25,151,0.0001,0.01,False,geometric,default,123,5161.0,False,,5.521
25,151,0.0001,0.01,False,geometric,default,456,5676.0,False,,5.481
25,151,0.0001,0.01,False,geometric,default,789,4857.0,False,,5.482
25,151,0.0001,0.01,False,geometric,default,999,5459.0,False,,5.64
25,151,0.0001,0.1,False,geometric,default,42,1931.0,False,,5.487
25,151,0.0001,0.1,False,geometric,default,123,2029.0,False,,5.477
25,151,0.0001,0.1,False,geometric,default,456,2093.0,False,,5.47
25,151,0.0001,0.1,False,geometric,default,789,2095.0,False,,5.55
25,151,0.0001,0.1,False,geometric,default,999,2196.0,False,,5.48
25,151,0.0001,1.0,False,geometric,default,42,1010.0,False,,7.505
25,151,0.0001,1.0,False,geometric,default,123,1068.0,False,,7.458
25,151,0.0001,1.0,False,geometric,default,456,1055.0,False,,7.461
25,151,0.0001,1.0,False,geometric,default,789,1019.0,False,,7.44
25,151,0.0001,1.0,False,geometric,default,999,1033.0,False,,7.487
25,151,0.0001,10.0,False,geometric,default,42,1000.0,False,,33.88
25,151,0.0001,10.0,False,geometric,default,123,986.0,False,,33.518
25,151,0.0001,10.0,False,geometric,default,456,997.0,False,,33.784
25,151,0.0001,10.0,False,geometric,default,789,1005.0,False,,33.842
25,151,0.0001,10.0,False,geometric,default,999,1009.0,False,,33.73
25,151,0.001,0.001,False,geometric,default,42,16140.0,False,,5.741
25,151,0.001,0.001,False,geometric,default,123,18109.0,False,,5.712
25,151,0.001,0.001,False,geometric,default,456,18137.0,False,,5.72
25,151,0.001,0.001,False,geometric,default,789,18129.0,False,,5.705
25,151,0.001,0.001,False,geometric,default,999,17841.0,False,,5.706
25,151,0.001,0.01,False,geometric,default,42,5560.0,False,,5.675
25,151,0.001,0.01,False,geometric,default,123,5581.0,False,,5.491
25,151,0.001,0.01,False,geometric,default,456,5086.0,False,,5.472
25,151,0.001,0.01,False,geometric,default,789,5045.0,False,,5.616
25,151,0.001,0.01,False,geometric,default,999,5291.0,False,,5.582
25,151,0.001,0.1,False,geometric,default,42,2148.0,False,,5.463
25,151,0.001,0.1,False,geometric,default,123,2038.0,False,,5.483
25,151,0.001,0.1,False,geometric,default,456,2012.0,False,,5.467
25,151,0.001,0.1,False,geometric,default,789,2100.0,False,,5.541
25,151,0.001,0.1,False,geometric,default,999,1947.0,False,,5.46
25,151,0.001,1.0,False,geometric,default,42,1037.0,False,,7.304
25,151,0.001,1.0,False,geometric,default,123,1024.0,False,,7.306
25,151,0.001,1.0,False,geometric,default,456,1041.0,False,,7.304
25,151,0.001,1.0,False,geometric,default,789,1037.0,False,,7.302
25,151,0.001,1.0,False,geometric,default,999,1011.0,False,,7.302
25,151,0.001,10.0,False,geometric,default,42,996.0,False,,31.931
25,151,0.001,10.0,False,geometric,default,123,993.0,False,,31.78
25,151,0.001,10.0,False,geometric,default,456,1011.0,False,,32.015
25,151,0.001,10.0,False,geometric,default,789,987.0,False,,31.92
25,151,0.001,10.0,False,geometric,default,999,1004.0,False,,31.9
25,151,0.01,0.01,False,geometric,default,42,5567.0,False,,5.706
25,151,0.01,0.01,False,geometric,default,123,5594.0,False,,5.535
25,151,0.01,0.01,False,geometric,default,456,5064.0,False,,5.517
25,151,0.01,0.01,False,geometric,default,789,5112.0,False,,5.666
25,151,0.01,0.01,False,geometric,default,999,5643.0,False,,5.523
25,151,0.01,0.1,False,geometric,default,42,2113.0,False,,5.707
25,151,0.01,0.1,False,geometric,default,123,1994.0,False,,5.71
25,151,0.01,0.1,False,geometric,default,456,2030.0,False,,6.29
25,151,0.01,0.1,False,geometric,default,789,2030.0,False,,5.506
25,151,0.01,0.1,False,geometric,default,999,2059.0,False,,5.511
25,151,0.01,1.0,False,geometric,default,42,999.0,False,,7.043
25,151,0.01,1.0,False,geometric,default,123,1021.0,False,,7.128
25,151,0.01,1.0,False,geometric,default,456,1018.0,False,,7.089
25,151,0.01,1.0,False,geometric,default,789,1014.0,False,,7.037
25,151,0.01,1.0,False,geometric,default,999,1000.0,False,,7.018
25,151,0.01,10.0,False,geometric,default,42,1000.0,False,,29.625
25,151,0.01,10.0,False,geometric,default,123,987.0,False,,29.468
25,151,0.01,10.0,False,geometric,default,456,1002.0,False,,29.189
25,151,0.01,10.0,False,geometric,default,789,989.0,False,,29.325
25,151,0.01,10.0,False,geometric,default,999,984.0,False,,29.21
25,151,0.1,0.1,False,geometric,default,42,2047.0,False,,5.556
25,151,0.1,0.1,False,geometric,default,123,2157.0,False,,5.56
25,151,0.1,0.1,False,geometric,default,456,2177.0,False,,5.576
25,151,0.1,0.1,False,geometric,default,789,2051.0,False,,5.517
25,151,0.1,0.1,False,geometric,default,999,2072.0,False,,5.527
25,151,0.1,1.0,False,geometric,default,42,1008.0,False,,6.513
25,151,0.1,1.0,False,geometric,default,123,1012.0,False,,6.499
25,151,0.1,1.0,False,geometric,default,456,973.0,True,973.0,6.522
25,151,0.1,1.0,False,geometric,default,789,990.0,False,,6.468
25,151,0.1,1.0,False,geometric,default,999,979.0,False,,6.497
25,151,0.1,10.0,False,geometric,default,42,981.0,False,,25.058
25,151,0.1,10.0,False,geometric,default,123,984.0,False,,24.928
25,151,0.1,10.0,False,geometric,default,456,974.0,False,,24.933
25,151,0.1,10.0,False,geometric,default,789,971.0,False,,24.932
25,151,0.1,10.0,False,geometric,default,999,980.0,False,,25.17
25,151,1.0,1.0,False,geometric,default,42,1147.0,False,,6.295
25,151,1.0,1.0,False,geometric,default,123,1208.0,False,,6.249
25,151,1.0,1.0,False,geometric,default,456,1141.0,False,,6.19
25,151,1.0,1.0,False,geometric,default,789,1171.0,False,,6.243
25,151,1.0,1.0,False,geometric,default,999,1142.0,False,,6.164
25,151,1.0,10.0,False,geometric,default,42,968.0,False,,16.795
25,151,1.0,10.0,False,geometric,default,123,975.0,False,,16.885
25,151,1.0,10.0,False,geometric,default,456,967.0,False,,16.9
25,151,1.0,10.0,False,geometric,default,789,975.0,False,,16.832
25,151,1.0,10.0,False,geometric,default,999,970.0,False,,16.704
25,151,10.0,10.0,False,geometric,default,42,1054.0,False,,15.196
25,151,10.0,10.0,False,geometric,default,123,1077.0,False,,14.99
25,151,10.0,10.0,False,geometric,default,456,1049.0,False,,15.075
25,151,10.0,10.0,False,geometric,default,789,1066.0,False,,15.033
25,151,10.0,10.0,False,geometric,default,999,1039.0,False,,15.174
25,151,1e-06,1e-06,False,geometric,fixed_Hp,42,25191.0,False,,5.691
25,151,1e-06,1e-06,False,geometric,fixed_Hp,123,26037.0,False,,5.699
25,151,1e-06,1e-06,False,geometric,fixed_Hp,456,24582.0,False,,5.717
25,151,1e-06,1e-06,False,geometric,fixed_Hp,789,25297.0,False,,5.699
25,151,1e-06,1e-06,False,geometric,fixed_Hp,999,23046.0,False,,5.708
25,151,1e-06,1e-05,False,geometric,fixed_Hp,42,23824.0,False,,5.692
25,151,1e-06,1e-05,False,geometric,fixed_Hp,123,25363.0,False,,5.687
25,151,1e-06,1e-05,False,geometric,fixed_Hp,456,23814.0,False,,5.684
25,151,1e-06,1e-05,False,geometric,fixed_Hp,789,23498.0,False,,5.707
25,151,1e-06,1e-05,False,geometric,fixed_Hp,999,23241.0,False,,5.735
25,151,1e-06,0.0001,False,geometric,fixed_Hp,42,23774.0,False,,5.692
25,151,1e-06,0.0001,False,geometric,fixed_Hp,123,26220.0,False,,5.718
25,151,1e-06,0.0001,False,geometric,fixed_Hp,456,23174.0,False,,5.719
25,151,1e-06,0.0001,False,geometric,fixed_Hp,789,24605.0,False,,5.75
25,151,1e-06,0.0001,False,geometric,fixed_Hp,999,23108.0,False,,5.749
25,151,1e-06,0.001,False,geometric,fixed_Hp,42,18836.0,False,,5.741
25,151,1e-06,0.001,False,geometric,fixed_Hp,123,20359.0,False,,5.7
25,151,1e-06,0.001,False,geometric,fixed_Hp,456,19006.0,False,,5.719
25,151,1e-06,0.001,False,geometric,fixed_Hp,789,18925.0,False,,5.73
25,151,1e-06,0.001,False,geometric,fixed_Hp,999,21075.0,False,,5.749
25,151,1e-06,0.01,False,geometric,fixed_Hp,42,5533.0,False,,5.739
25,151,1e-06,0.01,False,geometric,fixed_Hp,123,5215.0,False,,5.497
25,151,1e-06,0.01,False,geometric,fixed_Hp,456,5908.0,False,,5.517
25,151,1e-06,0.01,False,geometric,fixed_Hp,789,5955.0,False,,5.555
25,151,1e-06,0.01,False,geometric,fixed_Hp,999,5521.0,False,,5.542
25,151,1e-06,0.1,False,geometric,fixed_Hp,42,2169.0,False,,5.554
25,151,1e-06,0.1,False,geometric,fixed_Hp,123,1961.0,False,,5.571
25,151,1e-06,0.1,False,geometric,fixed_Hp,456,2089.0,False,,5.589
25,151,1e-06,0.1,False,geometric,fixed_Hp,789,2085.0,False,,5.582
25,151,1e-06,0.1,False,geometric,fixed_Hp,999,2044.0,False,,5.89
25,151,1e-06,1.0,False,geometric,fixed_Hp,42,1102.0,False,,6.335
25,151,1e-06,1.0,False,geometric,fixed_Hp,123,1195.0,False,,6.813
25,151,1e-06,1.0,False,geometric,fixed_Hp,456,1132.0,False,,6.392
25,151,1e-06,1.0,False,geometric,fixed_Hp,789,1196.0,False,,6.157
25,151,1e-06,1.0,False,geometric,fixed_Hp,999,1174.0,False,,6.195
25,151,1e-06,10.0,False,geometric,fixed_Hp,42,1078.0,False,,14.403
25,151,1e-06,10.0,False,geometric,fixed_Hp,123,1033.0,False,,14.475
25,151,1e-06,10.0,False,geometric,fixed_Hp,456,1069.0,False,,14.675
25,151,1e-06,10.0,False,geometric,fixed_Hp,789,1027.0,True,1027.0,14.356
25,151,1e-06,10.0,False,geometric,fixed_Hp,999,1039.0,False,,14.264
25,151,1e-05,1e-05,False,geometric,fixed_Hp,42,23845.0,False,,5.674
25,151,1e-05,1e-05,False,geometric,fixed_Hp,123,25326.0,False,,5.688
25,151,1e-05,1e-05,False,geometric,fixed_Hp,456,24622.0,False,,5.706
25,151,1e-05,1e-05,False,geometric,fixed_Hp,789,23476.0,False,,5.7
25,151,1e-05,1e-05,False,geometric,fixed_Hp,999,23046.0,False,,5.935
25,151,1e-05,0.0001,False,geometric,fixed_Hp,42,23774.0,False,,5.768
25,151,1e-05,0.0001,False,geometric,fixed_Hp,123,25153.0,False,,5.692
25,151,1e-05,0.0001,False,geometric,fixed_Hp,456,24890.0,False,,5.683
25,151,1e-05,0.0001,False,geometric,fixed_Hp,789,24605.0,False,,5.733
25,151,1e-05,0.0001,False,geometric,fixed_Hp,999,22173.0,False,,5.747
25,151,1e-05,0.001,False,geometric,fixed_Hp,42,19394.0,False,,5.995
25,151,1e-05,0.001,False,geometric,fixed_Hp,123,18086.0,False,,5.985
25,151,1e-05,0.001,False,geometric,fixed_Hp,456,16969.0,False,,5.701
25,151,1e-05,0.001,False,geometric,fixed_Hp,789,16803.0,False,,5.703
25,151,1e-05,0.001,False,geometric,fixed_Hp,999,20100.0,False,,5.675
25,151,1e-05,0.01,False,geometric,fixed_Hp,42,5744.0,False,,5.619
25,151,1e-05,0.01,False,geometric,fixed_Hp,123,5406.0,False,,5.66
25,151,1e-05,0.01,False,geometric,fixed_Hp,456,5684.0,False,,5.436
25,151,1e-05,0.01,False,geometric,fixed_Hp,789,6044.0,False,,5.66
25,151,1e-05,0.01,False,geometric,fixed_Hp,999,5666.0,False,,5.628
25,151,1e-05,0.1,False,geometric,fixed_Hp,42,2110.0,False,,5.507
25,151,1e-05,0.1,False,geometric,fixed_Hp,123,1982.0,False,,5.569
25,151,1e-05,0.1,False,geometric,fixed_Hp,456,2036.0,False,,5.528
25,151,1e-05,0.1,False,geometric,fixed_Hp,789,2053.0,False,,5.54
25,151,1e-05,0.1,False,geometric,fixed_Hp,999,2129.0,False,,5.61
25,151,1e-05,1.0,False,geometric,fixed_Hp,42,1218.0,False,,6.112
25,151,1e-05,1.0,False,geometric,fixed_Hp,123,1177.0,False,,6.107
25,151,1e-05,1.0,False,geometric,fixed_Hp,456,1156.0,False,,6.761
25,151,1e-05,1.0,False,geometric,fixed_Hp,789,1128.0,False,,6.09
25,151,1e-05,1.0,False,geometric,fixed_Hp,999,1193.0,False,,6.291
25,151,1e-05,10.0,False,geometric,fixed_Hp,42,1023.0,False,,14.412
25,151,1e-05,10.0,False,geometric,fixed_Hp,123,1003.0,False,,14.641
25,151,1e-05,10.0,False,geometric,fixed_Hp,456,1045.0,False,,14.479
25,151,1e-05,10.0,False,geometric,fixed_Hp,789,1045.0,False,,14.185
25,151,1e-05,10.0,False,geometric,fixed_Hp,999,1014.0,False,,14.405
25,151,0.0001,0.0001,False,geometric,fixed_Hp,42,24403.0,False,,5.724
25,151,0.0001,0.0001,False,geometric,fixed_Hp,123,20666.0,False,,5.756
25,151,0.0001,0.0001,False,geometric,fixed_Hp,456,25670.0,False,,5.767
25,151,0.0001,0.0001,False,geometric,fixed_Hp,789,24699.0,False,,5.711
25,151,0.0001,0.0001,False,geometric,fixed_Hp,999,22577.0,False,,5.699
25,151,0.0001,0.001,False,geometric,fixed_Hp,42,18545.0,False,,5.704
25,151,0.0001,0.001,False,geometric,fixed_Hp,123,18800.0,False,,5.684
25,151,0.0001,0.001,False,geometric,fixed_Hp,456,15033.0,False,,5.697
25,151,0.0001,0.001,False,geometric,fixed_Hp,789,18487.0,False,,5.693
25,151,0.0001,0.001,False,geometric,fixed_Hp,999,15840.0,False,,5.657
25,151,0.0001,0.01,False,geometric,fixed_Hp,42,5975.0,False,,5.48
25,151,0.0001,0.01,False,geometric,fixed_Hp,123,5241.0,False,,5.52
25,151,0.0001,0.01,False,geometric,fixed_Hp,456,5704.0,False,,5.663
25,151,0.0001,0.01,False,geometric,fixed_Hp,789,4838.0,False,,5.682
25,151,0.0001,0.01,False,geometric,fixed_Hp,999,5720.0,False,,7.319
25,151,0.0001,0.1,False,geometric,fixed_Hp,42,1997.0,False,,5.664
25,151,0.0001,0.1,False,geometric,fixed_Hp,123,2019.0,False,,11.342
25,151,0.0001,0.1,False,geometric,fixed_Hp,456,2030.0,False,,14.418
25,151,0.0001,0.1,False,geometric,fixed_Hp,789,2068.0,False,,14.592
25,151,0.0001,0.1,False,geometric,fixed_Hp,999,2140.0,False,,13.899
25,151,0.0001,1.0,False,geometric,fixed_Hp,42,1195.0,False,,14.784
25,151,0.0001,1.0,False,geometric,fixed_Hp,123,1108.0,False,,9.905
25,151,0.0001,1.0,False,geometric,fixed_Hp,456,1134.0,False,,6.107
25,151,0.0001,1.0,False,geometric,fixed_Hp,789,1222.0,False,,6.054
25,151,0.0001,1.0,False,geometric,fixed_Hp,999,1154.0,False,,6.071
25,151,0.0001,10.0,False,geometric,fixed_Hp,42,1034.0,False,,14.369
25,151,0.0001,10.0,False,geometric,fixed_Hp,123,992.0,False,,14.273
25,151,0.0001,10.0,False,geometric,fixed_Hp,456,1050.0,False,,14.108
25,151,0.0001,10.0,False,geometric,fixed_Hp,789,994.0,True,994.0,14.078
25,151,0.0001,10.0,False,geometric,fixed_Hp,999,1066.0,False,,14.223
25,151,0.001,0.001,False,geometric,fixed_Hp,42,16140.0,False,,5.664
25,151,0.001,0.001,False,geometric,fixed_Hp,123,18109.0,False,,5.667
25,151,0.001,0.001,False,geometric,fixed_Hp,456,18137.0,False,,5.699
25,151,0.001,0.001,False,geometric,fixed_Hp,789,18129.0,False,,5.693
25,151,0.001,0.001,False,geometric,fixed_Hp,999,17841.0,False,,5.712
25,151,0.001,0.01,False,geometric,fixed_Hp,42,5591.0,False,,5.522
25,151,0.001,0.01,False,geometric,fixed_Hp,123,5455.0,False,,5.53
25,151,0.001,0.01,False,geometric,fixed_Hp,456,5086.0,False,,5.48
25,151,0.001,0.01,False,geometric,fixed_Hp,789,5080.0,False,,5.98
25,151,0.001,0.01,False,geometric,fixed_Hp,999,5047.0,False,,5.726
25,151,0.001,0.1,False,geometric,fixed_Hp,42,2065.0,False,,5.536
25,151,0.001,0.1,False,geometric,fixed_Hp,123,2093.0,False,,6.868
25,151,0.001,0.1,False,geometric,fixed_Hp,456,2128.0,False,,14.01
25,151,0.001,0.1,False,geometric,fixed_Hp,789,2088.0,False,,13.936
25,151,0.001,0.1,False,geometric,fixed_Hp,999,2167.0,False,,13.955
25,151,0.001,1.0,False,geometric,fixed_Hp,42,1151.0,False,,14.238
25,151,0.001,1.0,False,geometric,fixed_Hp,123,1137.0,False,,14.361
25,151,0.001,1.0,False,geometric,fixed_Hp,456,1196.0,False,,14.447
25,151,0.001,1.0,False,geometric,fixed_Hp,789,1173.0,False,,14.362
25,151,0.001,1.0,False,geometric,fixed_Hp,999,1170.0,False,,13.983
25,151,0.001,10.0,False,geometric,fixed_Hp,42,1030.0,False,,26.313
25,151,0.001,10.0,False,geometric,fixed_Hp,123,1029.0,False,,26.519
25,151,0.001,10.0,False,geometric,fixed_Hp,456,1040.0,False,,26.573
25,151,0.001,10.0,False,geometric,fixed_Hp,789,1062.0,False,,25.921
25,151,0.001,10.0,False,geometric,fixed_Hp,999,1061.0,False,,26.461
25,151,0.01,0.01,False,geometric,fixed_Hp,42,5567.0,False,,13.825
25,151,0.01,0.01,False,geometric,fixed_Hp,123,5594.0,False,,13.914
25,151,0.01,0.01,False,geometric,fixed_Hp,456,5064.0,False,,13.763
25,151,0.01,0.01,False,geometric,fixed_Hp,789,5112.0,False,,13.888
25,151,0.01,0.01,False,geometric,fixed_Hp,999,5643.0,False,,13.623
25,151,0.01,0.1,False,geometric,fixed_Hp,42,2148.0,False,,13.958
25,151,0.01,0.1,False,geometric,fixed_Hp,123,1974.0,False,,13.946
25,151,0.01,0.1,False,geometric,fixed_Hp,456,2095.0,False,,14.148
25,151,0.01,0.1,False,geometric,fixed_Hp,789,2126.0,False,,14.036
25,151,0.01,0.1,False,geometric,fixed_Hp,999,1984.0,False,,13.705
25,151,0.01,1.0,False,geometric,fixed_Hp,42,1206.0,False,,14.122
25,151,0.01,1.0,False,geometric,fixed_Hp,123,1131.0,False,,14.251
25,151,0.01,1.0,False,geometric,fixed_Hp,456,1201.0,False,,14.311
25,151,0.01,1.0,False,geometric,fixed_Hp,789,1167.0,False,,14.38
25,151,0.01,1.0,False,geometric,fixed_Hp,999,1141.0,False,,14.334
25,151,0.01,10.0,False,geometric,fixed_Hp,42,1056.0,False,,25.617
25,151,0.01,10.0,False,geometric,fixed_Hp,123,1078.0,False,,26.134
25,151,0.01,10.0,False,geometric,fixed_Hp,456,1040.0,False,,26.011
25,151,0.01,10.0,False,geometric,fixed_Hp,789,1054.0,False,,25.551
25,151,0.01,10.0,False,geometric,fixed_Hp,999,1019.0,False,,25.986
25,151,0.1,0.1,False,geometric,fixed_Hp,42,2047.0,False,,14.151
25,151,0.1,0.1,False,geometric,fixed_Hp,123,2157.0,False,,14.115
25,151,0.1,0.1,False,geometric,fixed_Hp,456,2177.0,False,,14.278
25,151,0.1,0.1,False,geometric,fixed_Hp,789,2051.0,False,,14.145
25,151,0.1,0.1,False,geometric,fixed_Hp,999,2072.0,False,,14.206
25,151,0.1,1.0,False,geometric,fixed_Hp,42,1195.0,False,,14.432
25,151,0.1,1.0,False,geometric,fixed_Hp,123,1175.0,False,,14.37
25,151,0.1,1.0,False,geometric,fixed_Hp,456,1188.0,False,,13.869
25,151,0.1,1.0,False,geometric,fixed_Hp,789,1271.0,False,,14.181
25,151,0.1,1.0,False,geometric,fixed_Hp,999,1182.0,False,,14.314
25,151,0.1,10.0,False,geometric,fixed_Hp,42,1040.0,False,,24.611
25,151,0.1,10.0,False,geometric,fixed_Hp,123,1080.0,False,,25.191
25,151,0.1,10.0,False,geometric,fixed_Hp,456,1065.0,False,,24.686
25,151,0.1,10.0,False,geometric,fixed_Hp,789,1045.0,False,,24.743
25,151,0.1,10.0,False,geometric,fixed_Hp,999,1070.0,False,,24.808
25,151,1.0,1.0,False,geometric,fixed_Hp,42,1147.0,False,,14.581
25,151,1.0,1.0,False,geometric,fixed_Hp,123,1208.0,False,,14.776
25,151,1.0,1.0,False,geometric,fixed_Hp,456,1141.0,False,,14.635
25,151,1.0,1.0,False,geometric,fixed_Hp,789,1171.0,False,,14.655
25,151,1.0,1.0,False,geometric,fixed_Hp,999,1142.0,False,,14.607
25,151,1.0,10.0,False,geometric,fixed_Hp,42,1067.0,False,,23.211
25,151,1.0,10.0,False,geometric,fixed_Hp,123,1106.0,False,,23.183
25,151,1.0,10.0,False,geometric,fixed_Hp,456,1066.0,False,,23.216
25,151,1.0,10.0,False,geometric,fixed_Hp,789,1096.0,False,,23.276
25,151,1.0,10.0,False,geometric,fixed_Hp,999,1071.0,False,,23.518
25,151,10.0,10.0,False,geometric,fixed_Hp,42,1054.0,False,,27.924
25,151,10.0,10.0,False,geometric,fixed_Hp,123,1077.0,False,,27.695
25,151,10.0,10.0,False,geometric,fixed_Hp,456,1049.0,False,,27.886
25,151,10.0,10.0,False,geometric,fixed_Hp,789,1066.0,False,,27.774
25,151,10.0,10.0,False,geometric,fixed_Hp,999,1039.0,False,,28.043
25,151,1e-06,1e-06,False,geometric,fixed_Hd,42,25191.0,False,,13.447
25,151,1e-06,1e-06,False,geometric,fixed_Hd,123,26037.0,False,,13.743
25,151,1e-06,1e-06,False,geometric,fixed_Hd,456,24582.0,False,,14.15
25,151,1e-06,1e-06,False,geometric,fixed_Hd,789,25297.0,False,,14.038
25,151,1e-06,1e-06,False,geometric,fixed_Hd,999,23046.0,False,,14.009
25,151,1e-06,1e-05,False,geometric,fixed_Hd,42,23845.0,False,,14.303
25,151,1e-06,1e-05,False,geometric,fixed_Hd,123,25326.0,False,,13.64
25,151,1e-06,1e-05,False,geometric,fixed_Hd,456,24622.0,False,,13.506
25,151,1e-06,1e-05,False,geometric,fixed_Hd,789,23476.0,False,,13.9
25,151,1e-06,1e-05,False,geometric,fixed_Hd,999,23046.0,False,,14.12
25,151,1e-06,0.0001,False,geometric,fixed_Hd,42,24403.0,False,,13.728
25,151,1e-06,0.0001,False,geometric,fixed_Hd,123,20666.0,False,,13.789
25,151,1e-06,0.0001,False,geometric,fixed_Hd,456,25670.0,False,,13.824
25,151,1e-06,0.0001,False,geometric,fixed_Hd,789,24699.0,False,,13.917
25,151,1e-06,0.0001,False,geometric,fixed_Hd,999,22577.0,False,,13.678
25,151,1e-06,0.001,False,geometric,fixed_Hd,42,16140.0,False,,13.649
25,151,1e-06,0.001,False,geometric,fixed_Hd,123,18109.0,False,,13.825
25,151,1e-06,0.001,False,geometric,fixed_Hd,456,18137.0,False,,13.606
25,151,1e-06,0.001,False,geometric,fixed_Hd,789,18129.0,False,,13.759
25,151,1e-06,0.001,False,geometric,fixed_Hd,999,17841.0,False,,13.804
25,151,1e-06,0.01,False,geometric,fixed_Hd,42,5397.0,False,,13.729
25,151,1e-06,0.01,False,geometric,fixed_Hd,123,5835.0,False,,13.824
25,151,1e-06,0.01,False,geometric,fixed_Hd,456,5151.0,False,,13.712
25,151,1e-06,0.01,False,geometric,fixed_Hd,789,5033.0,False,,13.88
25,151,1e-06,0.01,False,geometric,fixed_Hd,999,5714.0,False,,13.789
25,151,1e-06,0.1,False,geometric,fixed_Hd,42,2087.0,False,,13.687
25,151,1e-06,0.1,False,geometric,fixed_Hd,123,2113.0,False,,13.787
25,151,1e-06,0.1,False,geometric,fixed_Hd,456,2111.0,False,,13.809
25,151,1e-06,0.1,False,geometric,fixed_Hd,789,2094.0,False,,13.833
25,151,1e-06,0.1,False,geometric,fixed_Hd,999,2093.0,False,,14.002
25,151,1e-06,1.0,False,geometric,fixed_Hd,42,1068.0,False,,15.354
25,151,1e-06,1.0,False,geometric,fixed_Hd,123,1092.0,False,,15.248
25,151,1e-06,1.0,False,geometric,fixed_Hd,456,1030.0,False,,15.307
25,151,1e-06,1.0,False,geometric,fixed_Hd,789,1056.0,False,,15.271
25,151,1e-06,1.0,False,geometric,fixed_Hd,999,1032.0,False,,15.23
25,151,1e-06,10.0,False,geometric,fixed_Hd,42,1012.0,False,,41.617
25,151,1e-06,10.0,False,geometric,fixed_Hd,123,1047.0,False,,36.731
25,151,1e-06,10.0,False,geometric,fixed_Hd,456,1016.0,False,,36.52
25,151,1e-06,10.0,False,geometric,fixed_Hd,789,1025.0,False,,36.611
25,151,1e-06,10.0,False,geometric,fixed_Hd,999,1033.0,False,,36.786
25,151,1e-05,1e-05,False,geometric,fixed_Hd,42,23845.0,False,,5.668
25,151,1e-05,1e-05,False,geometric,fixed_Hd,123,25326.0,False,,5.648
25,151,1e-05,1e-05,False,geometric,fixed_Hd,456,24622.0,False,,5.706
25,151,1e-05,1e-05,False,geometric,fixed_Hd,789,23476.0,False,,5.648
25,151,1e-05,1e-05,False,geometric,fixed_Hd,999,23046.0,False,,5.675
25,151,1e-05,0.0001,False,geometric,fixed_Hd,42,24403.0,False,,5.667
25,151,1e-05,0.0001,False,geometric,fixed_Hd,123,20666.0,False,,5.638
25,151,1e-05,0.0001,False,geometric,fixed_Hd,456,25670.0,False,,5.692
25,151,1e-05,0.0001,False,geometric,fixed_Hd,789,24699.0,False,,5.702
25,151,1e-05,0.0001,False,geometric,fixed_Hd,999,22577.0,False,,5.7
25,151,1e-05,0.001,False,geometric,fixed_Hd,42,16140.0,False,,5.68
25,151,1e-05,0.001,False,geometric,fixed_Hd,123,18109.0,False,,5.663
25,151,1e-05,0.001,False,geometric,fixed_Hd,456,18137.0,False,,5.653
25,151,1e-05,0.001,False,geometric,fixed_Hd,789,18129.0,False,,5.681
25,151,1e-05,0.001,False,geometric,fixed_Hd,999,17841.0,False,,5.657
25,151,1e-05,0.01,False,geometric,fixed_Hd,42,5476.0,False,,5.42
25,151,1e-05,0.01,False,geometric,fixed_Hd,123,5859.0,False,,5.425
25,151,1e-05,0.01,False,geometric,fixed_Hd,456,5151.0,False,,5.536
25,151,1e-05,0.01,False,geometric,fixed_Hd,789,5056.0,False,,5.576
25,151,1e-05,0.01,False,geometric,fixed_Hd,999,5730.0,False,,5.626
25,151,1e-05,0.1,False,geometric,fixed_Hd,42,1989.0,False,,5.428
25,151,1e-05,0.1,False,geometric,fixed_Hd,123,2148.0,False,,5.431
25,151,1e-05,0.1,False,geometric,fixed_Hd,456,2208.0,False,,5.86
25,151,1e-05,0.1,False,geometric,fixed_Hd,789,2028.0,False,,5.505
25,151,1e-05,0.1,False,geometric,fixed_Hd,999,2123.0,False,,5.5
25,151,1e-05,1.0,False,geometric,fixed_Hd,42,1044.0,False,,7.593
25,151,1e-05,1.0,False,geometric,fixed_Hd,123,1044.0,False,,7.621
25,151,1e-05,1.0,False,geometric,fixed_Hd,456,1041.0,False,,7.635
25,151,1e-05,1.0,False,geometric,fixed_Hd,789,1070.0,False,,7.712
25,151,1e-05,1.0,False,geometric,fixed_Hd,999,1009.0,False,,7.611
25,151,1e-05,10.0,False,geometric,fixed_Hd,42,1023.0,False,,35.957
25,151,1e-05,10.0,False,geometric,fixed_Hd,123,1040.0,False,,35.868
25,151,1e-05,10.0,False,geometric,fixed_Hd,456,995.0,False,,36.284
25,151,1e-05,10.0,False,geometric,fixed_Hd,789,995.0,False,,36.105
25,151,1e-05,10.0,False,geometric,fixed_Hd,999,1016.0,False,,35.756
25,151,0.0001,0.0001,False,geometric,fixed_Hd,42,24403.0,False,,5.708
25,151,0.0001,0.0001,False,geometric,fixed_Hd,123,20666.0,False,,5.7
25,151,0.0001,0.0001,False,geometric,fixed_Hd,456,25670.0,False,,5.675
25,151,0.0001,0.0001,False,geometric,fixed_Hd,789,24699.0,False,,5.684
25,151,0.0001,0.0001,False,geometric,fixed_Hd,999,22577.0,False,,5.66
25,151,0.0001,0.001,False,geometric,fixed_Hd,42,16140.0,False,,5.673
25,151,0.0001,0.001,False,geometric,fixed_Hd,123,18109.0,False,,5.672
25,151,0.0001,0.001,False,geometric,fixed_Hd,456,18137.0,False,,5.687
25,151,0.0001,0.001,False,geometric,fixed_Hd,789,18129.0,False,,5.712
25,151,0.0001,0.001,False,geometric,fixed_Hd,999,17841.0,False,,5.674
25,151,0.0001,0.01,False,geometric,fixed_Hd,42,5462.0,False,,5.426
25,151,0.0001,0.01,False,geometric,fixed_Hd,123,5594.0,False,,5.653
25,151,0.0001,0.01,False,geometric,fixed_Hd,456,5227.0,False,,5.5
25,151,0.0001,0.01,False,geometric,fixed_Hd,789,5131.0,False,,5.475
25,151,0.0001,0.01,False,geometric,fixed_Hd,999,5730.0,False,,5.419
25,151,0.0001,0.1,False,geometric,fixed_Hd,42,2091.0,False,,5.504
25,151,0.0001,0.1,False,geometric,fixed_Hd,123,2071.0,False,,5.456
25,151,0.0001,0.1,False,geometric,fixed_Hd,456,2013.0,False,,5.535
25,151,0.0001,0.1,False,geometric,fixed_Hd,789,2143.0,False,,5.47
25,151,0.0001,0.1,False,geometric,fixed_Hd,999,2136.0,False,,5.479
25,151,0.0001,1.0,False,geometric,fixed_Hd,42,1039.0,False,,7.546
25,151,0.0001,1.0,False,geometric,fixed_Hd,123,1033.0,False,,7.586
25,151,0.0001,1.0,False,geometric,fixed_Hd,456,1026.0,False,,7.58
25,151,0.0001,1.0,False,geometric,fixed_Hd,789,1035.0,False,,7.591
25,151,0.0001,1.0,False,geometric,fixed_Hd,999,1044.0,False,,7.557
25,151,0.0001,10.0,False,geometric,fixed_Hd,42,1001.0,False,,35.053
25,151,0.0001,10.0,False,geometric,fixed_Hd,123,1014.0,False,,35.068
25,151,0.0001,10.0,False,geometric,fixed_Hd,456,1033.0,False,,35.09
25,151,0.0001,10.0,False,geometric,fixed_Hd,789,1010.0,False,,35.527
25,151,0.0001,10.0,False,geometric,fixed_Hd,999,1026.0,False,,35.49
25,151,0.001,0.001,False,geometric,fixed_Hd,42,16140.0,False,,5.745
25,151,0.001,0.001,False,geometric,fixed_Hd,123,18109.0,False,,5.684
25,151,0.001,0.001,False,geometric,fixed_Hd,456,18137.0,False,,5.722
25,151,0.001,0.001,False,geometric,fixed_Hd,789,18129.0,False,,5.727
25,151,0.001,0.001,False,geometric,fixed_Hd,999,17841.0,False,,5.734
25,151,0.001,0.01,False,geometric,fixed_Hd,42,5470.0,False,,5.466
25,151,0.001,0.01,False,geometric,fixed_Hd,123,5594.0,False,,5.666
25,151,0.001,0.01,False,geometric,fixed_Hd,456,5137.0,False,,5.439
25,151,0.001,0.01,False,geometric,fixed_Hd,789,5164.0,False,,5.52
25,151,0.001,0.01,False,geometric,fixed_Hd,999,5581.0,False,,5.469
25,151,0.001,0.1,False,geometric,fixed_Hd,42,2108.0,False,,6.217
25,151,0.001,0.1,False,geometric,fixed_Hd,123,2073.0,False,,5.803
25,151,0.001,0.1,False,geometric,fixed_Hd,456,2067.0,False,,5.481
25,151,0.001,0.1,False,geometric,fixed_Hd,789,2099.0,False,,5.672
25,151,0.001,0.1,False,geometric,fixed_Hd,999,2169.0,False,,5.782
25,151,0.001,1.0,False,geometric,fixed_Hd,42,991.0,False,,7.459
25,151,0.001,1.0,False,geometric,fixed_Hd,123,1005.0,False,,7.5
25,151,0.001,1.0,False,geometric,fixed_Hd,456,1008.0,False,,7.443
25,151,0.001,1.0,False,geometric,fixed_Hd,789,1006.0,False,,7.453
25,151,0.001,1.0,False,geometric,fixed_Hd,999,1018.0,False,,7.46
25,151,0.001,10.0,False,geometric,fixed_Hd,42,1004.0,False,,34.006
25,151,0.001,10.0,False,geometric,fixed_Hd,123,1004.0,False,,33.75
25,151,0.001,10.0,False,geometric,fixed_Hd,456,1029.0,False,,33.826
25,151,0.001,10.0,False,geometric,fixed_Hd,789,988.0,False,,34.087
25,151,0.001,10.0,False,geometric,fixed_Hd,999,1019.0,False,,43.375
25,151,0.01,0.01,False,geometric,fixed_Hd,42,5567.0,False,,14.089
25,151,0.01,0.01,False,geometric,fixed_Hd,123,5594.0,False,,12.599
25,151,0.01,0.01,False,geometric,fixed_Hd,456,5064.0,False,,13.444
25,151,0.01,0.01,False,geometric,fixed_Hd,789,5112.0,False,,13.682
25,151,0.01,0.01,False,geometric,fixed_Hd,999,5643.0,False,,13.554
25,151,0.01,0.1,False,geometric,fixed_Hd,42,2102.0,False,,12.308
25,151,0.01,0.1,False,geometric,fixed_Hd,123,2164.0,False,,9.504
25,151,0.01,0.1,False,geometric,fixed_Hd,456,2054.0,False,,7.536
25,151,0.01,0.1,False,geometric,fixed_Hd,789,2110.0,False,,6.73
25,151,0.01,0.1,False,geometric,fixed_Hd,999,2099.0,False,,6.788
25,151,0.01,1.0,False,geometric,fixed_Hd,42,994.0,False,,8.839
25,151,0.01,1.0,False,geometric,fixed_Hd,123,1007.0,False,,8.842
25,151,0.01,1.0,False,geometric,fixed_Hd,456,1006.0,False,,8.862
25,151,0.01,1.0,False,geometric,fixed_Hd,789,985.0,False,,8.865
25,151,0.01,1.0,False,geometric,fixed_Hd,999,1021.0,False,,8.907
25,151,0.01,10.0,False,geometric,fixed_Hd,42,974.0,False,,46.106
25,151,0.01,10.0,False,geometric,fixed_Hd,123,976.0,False,,39.979
25,151,0.01,10.0,False,geometric,fixed_Hd,456,997.0,False,,41.404
25,151,0.01,10.0,False,geometric,fixed_Hd,789,979.0,False,,51.045
25,151,0.01,10.0,False,geometric,fixed_Hd,999,1002.0,False,,51.068
25,151,0.1,0.1,False,geometric,fixed_Hd,42,2047.0,False,,14.86
25,151,0.1,0.1,False,geometric,fixed_Hd,123,2157.0,False,,14.367
25,151,0.1,0.1,False,geometric,fixed_Hd,456,2177.0,False,,14.415
25,151,0.1,0.1,False,geometric,fixed_Hd,789,2051.0,False,,14.41
25,151,0.1,0.1,False,geometric,fixed_Hd,999,2072.0,False,,14.575
25,151,0.1,1.0,False,geometric,fixed_Hd,42,975.0,False,,13.817
25,151,0.1,1.0,False,geometric,fixed_Hd,123,1011.0,False,,14.79
25,151,0.1,1.0,False,geometric,fixed_Hd,456,976.0,False,,14.509
25,151,0.1,1.0,False,geometric,fixed_Hd,789,972.0,False,,14.451
25,151,0.1,1.0,False,geometric,fixed_Hd,999,979.0,False,,14.785
25,151,0.1,10.0,False,geometric,fixed_Hd,42,980.0,False,,46.449
25,151,0.1,10.0,False,geometric,fixed_Hd,123,972.0,False,,46.299
25,151,0.1,10.0,False,geometric,fixed_Hd,456,990.0,False,,46.453
25,151,0.1,10.0,False,geometric,fixed_Hd,789,978.0,False,,46.656
25,151,0.1,10.0,False,geometric,fixed_Hd,999,995.0,False,,46.437
25,151,1.0,1.0,False,geometric,fixed_Hd,42,1147.0,False,,14.704
25,151,1.0,1.0,False,geometric,fixed_Hd,123,1208.0,False,,14.774
25,151,1.0,1.0,False,geometric,fixed_Hd,456,1141.0,False,,14.83
25,151,1.0,1.0,False,geometric,fixed_Hd,789,1171.0,False,,14.949
25,151,1.0,1.0,False,geometric,fixed_Hd,999,1142.0,False,,14.784
25,151,1.0,10.0,False,geometric,fixed_Hd,42,971.0,False,,35.245
25,151,1.0,10.0,False,geometric,fixed_Hd,123,972.0,False,,35.796
25,151,1.0,10.0,False,geometric,fixed_Hd,456,971.0,False,,36.183
25,151,1.0,10.0,False,geometric,fixed_Hd,789,968.0,False,,36.116
25,151,1.0,10.0,False,geometric,fixed_Hd,999,972.0,False,,36.051
25,151,10.0,10.0,False,geometric,fixed_Hd,42,1054.0,False,,28.437
25,151,10.0,10.0,False,geometric,fixed_Hd,123,1077.0,False,,28.223
25,151,10.0,10.0,False,geometric,fixed_Hd,456,1049.0,False,,28.288
25,151,10.0,10.0,False,geometric,fixed_Hd,789,1066.0,False,,28.199
25,151,10.0,10.0,False,geometric,fixed_Hd,999,1039.0,False,,28.268
