n,m,graph_id,solver,feasible,avg_minla_cost,lower_bound,approx_ratio,time_s,num_seeds
5,5,0,PathIntegralAnnealingSampler,True,6.8,6.0,1.1333333333333333,0.296,5
5,5,0,RandomSampler,False,,6.0,,0.002,5
5,5,1,PathIntegralAnnealingSampler,True,6.0,6.0,1.0,0.293,5
5,5,1,RandomSampler,False,,6.0,,0.0,5
5,4,2,PathIntegralAnnealingSampler,True,4.0,4.0,1.0,0.316,5
5,4,2,RandomSampler,False,,4.0,,0.0,5
5,7,3,PathIntegralAnnealingSampler,True,10.2,10.0,1.02,0.299,5
5,7,3,RandomSampler,False,,10.0,,0.0,5
5,5,4,PathIntegralAnnealingSampler,True,7.0,6.0,1.1666666666666667,0.296,5
5,5,4,RandomSampler,False,,6.0,,0.0,5
5,8,5,PathIntegralAnnealingSampler,True,14.0,13.0,1.0769230769230769,0.3,5
5,8,5,RandomSampler,False,,13.0,,0.0,5
5,4,6,PathIntegralAnnealingSampler,True,5.0,4.5,1.1111111111111112,0.295,5
5,4,6,RandomSampler,False,,4.5,,0.0,5
5,6,7,PathIntegralAnnealingSampler,True,10.2,9.0,1.1333333333333333,0.299,5
5,6,7,RandomSampler,False,,9.0,,0.0,5
5,6,8,PathIntegralAnnealingSampler,True,9.0,9.0,1.0,0.298,5
5,6,8,RandomSampler,False,,9.0,,0.0,5
5,6,9,PathIntegralAnnealingSampler,True,9.0,8.0,1.125,0.301,5
5,6,9,RandomSampler,False,,8.0,,0.0,5
5,5,10,PathIntegralAnnealingSampler,True,7.0,7.0,1.0,0.3,5
5,5,10,RandomSampler,False,,7.0,,0.0,5
5,6,11,PathIntegralAnnealingSampler,True,8.0,8.0,1.0,0.296,5
5,6,11,RandomSampler,False,,8.0,,0.0,5
5,7,12,PathIntegralAnnealingSampler,True,12.0,11.0,1.0909090909090908,0.302,5
5,7,12,RandomSampler,False,,11.0,,0.0,5
5,5,13,PathIntegralAnnealingSampler,True,8.0,8.0,1.0,0.299,5
5,5,13,RandomSampler,False,,8.0,,0.0,5
5,7,14,PathIntegralAnnealingSampler,True,11.0,10.0,1.1,0.298,5
5,7,14,RandomSampler,False,,10.0,,0.0,5
5,8,15,PathIntegralAnnealingSampler,True,13.0,13.0,1.0,0.299,5
5,8,15,RandomSampler,False,,13.0,,0.0,5
5,6,16,PathIntegralAnnealingSampler,True,8.0,8.0,1.0,0.298,5
5,6,16,RandomSampler,False,,8.0,,0.0,5
5,7,17,PathIntegralAnnealingSampler,True,12.0,10.0,1.2,0.295,5
5,7,17,RandomSampler,False,,10.0,,0.0,5
5,9,18,PathIntegralAnnealingSampler,True,16.0,16.0,1.0,0.297,5
5,9,18,RandomSampler,False,,16.0,,0.0,5
5,10,19,PathIntegralAnnealingSampler,True,20.0,20.0,1.0,0.296,5
5,10,19,RandomSampler,False,,20.0,,0.0,5
5,4,20,PathIntegralAnnealingSampler,True,6.0,5.0,1.2,0.297,5
5,4,20,RandomSampler,False,,5.0,,0.0,5
10,26,0,PathIntegralAnnealingSampler,True,67.4,54.000000000000014,1.248148148148148,1.715,5
10,26,0,RandomSampler,False,,54.000000000000014,,0.0,5
10,27,1,PathIntegralAnnealingSampler,True,76.0,58.000000000000014,1.3103448275862066,1.727,5
10,27,1,RandomSampler,False,,58.000000000000014,,0.0,5
10,14,2,PathIntegralAnnealingSampler,True,23.4,21.0,1.1142857142857143,1.758,5
10,14,2,RandomSampler,False,,21.0,,0.0,5
10,20,3,PathIntegralAnnealingSampler,True,46.6,35.0,1.3314285714285714,1.741,5
10,20,3,RandomSampler,False,,35.0,,0.0,5
10,19,4,PathIntegralAnnealingSampler,True,45.0,33.0,1.3636363636363635,1.762,5
10,19,4,RandomSampler,False,,33.0,,0.0,5
10,23,5,PathIntegralAnnealingSampler,True,57.8,43.0,1.3441860465116278,1.746,5
10,23,5,RandomSampler,False,,43.0,,0.0,5
10,23,6,PathIntegralAnnealingSampler,True,53.6,43.0,1.2465116279069768,1.74,5
10,23,6,RandomSampler,False,,43.0,,0.0,5
10,21,7,PathIntegralAnnealingSampler,True,53.4,37.5,1.424,1.761,5
10,21,7,RandomSampler,False,,37.5,,0.0,5
10,22,8,PathIntegralAnnealingSampler,True,48.6,40.0,1.215,1.744,5
10,22,8,RandomSampler,False,,40.0,,0.0,5
10,25,9,PathIntegralAnnealingSampler,True,60.2,50.000000000000014,1.2039999999999997,1.732,5
10,25,9,RandomSampler,False,,50.000000000000014,,0.0,5
10,21,10,PathIntegralAnnealingSampler,True,53.4,37.0,1.4432432432432432,1.722,5
10,21,10,RandomSampler,False,,37.0,,0.0,5
10,21,11,PathIntegralAnnealingSampler,True,51.4,37.0,1.3891891891891892,1.751,5
10,21,11,RandomSampler,False,,37.0,,0.0,5
10,19,12,PathIntegralAnnealingSampler,True,46.6,31.0,1.5032258064516129,1.755,5
10,19,12,RandomSampler,False,,31.0,,0.0,5
10,28,13,PathIntegralAnnealingSampler,True,76.2,62.000000000000014,1.2290322580645159,1.728,5
10,28,13,RandomSampler,False,,62.000000000000014,,0.0,5
10,22,14,PathIntegralAnnealingSampler,True,52.6,40.0,1.315,1.769,5
10,22,14,RandomSampler,False,,40.0,,0.0,5
10,25,15,PathIntegralAnnealingSampler,True,71.2,50.000000000000014,1.4239999999999997,1.744,5
10,25,15,RandomSampler,False,,50.000000000000014,,0.0,5
10,23,16,PathIntegralAnnealingSampler,True,59.8,43.0,1.3906976744186046,1.76,5
10,23,16,RandomSampler,False,,43.0,,0.0,5
10,25,17,PathIntegralAnnealingSampler,True,64.2,50.000000000000014,1.2839999999999996,1.745,5
10,25,17,RandomSampler,False,,50.000000000000014,,0.0,5
10,20,18,PathIntegralAnnealingSampler,True,43.8,34.0,1.288235294117647,1.756,5
10,20,18,RandomSampler,False,,34.0,,0.0,5
10,23,19,PathIntegralAnnealingSampler,True,54.6,43.0,1.2697674418604652,1.857,5
10,23,19,RandomSampler,False,,43.0,,0.0,5
10,17,20,PathIntegralAnnealingSampler,True,38.0,28.0,1.3571428571428572,1.802,5
10,17,20,RandomSampler,False,,28.0,,0.0,5
10,24,21,PathIntegralAnnealingSampler,True,61.0,46.0,1.326086956521739,1.929,5
10,24,21,RandomSampler,False,,46.0,,0.0,5
10,23,22,PathIntegralAnnealingSampler,True,58.0,43.0,1.3488372093023255,1.753,5
10,23,22,RandomSampler,False,,43.0,,0.0,5
10,25,23,PathIntegralAnnealingSampler,True,68.4,50.000000000000014,1.3679999999999997,1.799,5
10,25,23,RandomSampler,False,,50.000000000000014,,0.0,5
10,24,24,PathIntegralAnnealingSampler,True,58.2,46.0,1.2652173913043478,1.848,5
10,24,24,RandomSampler,False,,46.0,,0.0,5
10,18,25,PathIntegralAnnealingSampler,True,39.6,29.0,1.3655172413793104,1.776,5
10,18,25,RandomSampler,False,,29.0,,0.0,5
10,21,26,PathIntegralAnnealingSampler,True,43.6,37.0,1.1783783783783783,1.74,5
10,21,26,RandomSampler,False,,37.0,,0.0,5
10,22,27,PathIntegralAnnealingSampler,True,51.8,40.0,1.295,1.732,5
10,22,27,RandomSampler,False,,40.0,,0.0,5
10,21,28,PathIntegralAnnealingSampler,True,50.4,37.0,1.362162162162162,1.747,5
10,21,28,RandomSampler,False,,37.0,,0.0,5
10,19,29,PathIntegralAnnealingSampler,True,46.6,33.0,1.412121212121212,1.759,5
10,19,29,RandomSampler,False,,33.0,,0.0,5
10,27,30,PathIntegralAnnealingSampler,True,74.2,58.000000000000014,1.279310344827586,1.768,5
10,27,30,RandomSampler,False,,58.000000000000014,,0.0,5
10,18,31,PathIntegralAnnealingSampler,True,35.0,29.0,1.206896551724138,1.784,5
10,18,31,RandomSampler,False,,29.0,,0.0,5
10,20,32,PathIntegralAnnealingSampler,True,47.2,35.0,1.3485714285714288,1.798,5
10,20,32,RandomSampler,False,,35.0,,0.0,5
10,25,33,PathIntegralAnnealingSampler,True,65.2,50.000000000000014,1.3039999999999996,1.787,5
10,25,33,RandomSampler,False,,50.000000000000014,,0.0,5
10,21,34,PathIntegralAnnealingSampler,True,54.2,37.0,1.464864864864865,1.795,5
10,21,34,RandomSampler,False,,37.0,,0.0,5
10,22,35,PathIntegralAnnealingSampler,True,50.6,40.0,1.2650000000000001,1.732,5
10,22,35,RandomSampler,False,,40.0,,0.0,5
10,21,36,PathIntegralAnnealingSampler,True,51.2,37.0,1.3837837837837839,1.743,5
10,21,36,RandomSampler,False,,37.0,,0.0,5
10,26,37,PathIntegralAnnealingSampler,True,69.8,54.000000000000014,1.2925925925925923,1.765,5
10,26,37,RandomSampler,False,,54.000000000000014,,0.0,5
10,21,38,PathIntegralAnnealingSampler,True,50.4,37.0,1.362162162162162,1.764,5
10,21,38,RandomSampler,False,,37.0,,0.0,5
10,18,39,PathIntegralAnnealingSampler,True,42.8,30.0,1.4266666666666665,1.789,5
10,18,39,RandomSampler,False,,30.0,,0.0,5
10,24,40,PathIntegralAnnealingSampler,True,62.0,46.0,1.3478260869565217,1.722,5
10,24,40,RandomSampler,False,,46.0,,0.0,5
10,25,41,PathIntegralAnnealingSampler,True,68.0,50.000000000000014,1.3599999999999997,1.752,5
10,25,41,RandomSampler,False,,50.000000000000014,,0.0,5
10,21,42,PathIntegralAnnealingSampler,True,53.4,37.0,1.4432432432432432,1.739,5
10,21,42,RandomSampler,False,,37.0,,0.0,5
10,24,43,PathIntegralAnnealingSampler,True,54.0,46.0,1.173913043478261,1.744,5
10,24,43,RandomSampler,False,,46.0,,0.0,5
10,25,44,PathIntegralAnnealingSampler,True,64.0,50.000000000000014,1.2799999999999996,1.748,5
10,25,44,RandomSampler,False,,50.000000000000014,,0.0,5
10,21,45,PathIntegralAnnealingSampler,True,52.8,37.0,1.4270270270270269,1.762,5
10,21,45,RandomSampler,False,,37.0,,0.0,5
10,27,46,PathIntegralAnnealingSampler,True,75.2,58.000000000000014,1.2965517241379307,1.751,5
10,27,46,RandomSampler,False,,58.000000000000014,,0.0,5
10,24,47,PathIntegralAnnealingSampler,True,63.2,46.0,1.373913043478261,1.76,5
10,24,47,RandomSampler,False,,46.0,,0.0,5
10,19,48,PathIntegralAnnealingSampler,True,40.2,31.0,1.2967741935483872,1.882,5
10,19,48,RandomSampler,False,,31.0,,0.0,5
10,23,49,PathIntegralAnnealingSampler,True,61.0,43.0,1.4186046511627908,1.802,5
10,23,49,RandomSampler,False,,43.0,,0.0,5
10,23,50,PathIntegralAnnealingSampler,True,56.4,43.0,1.3116279069767443,1.775,5
10,23,50,RandomSampler,False,,43.0,,0.0,5
10,22,51,PathIntegralAnnealingSampler,True,57.6,40.0,1.44,1.797,5
10,22,51,RandomSampler,False,,40.0,,0.0,5
10,19,52,PathIntegralAnnealingSampler,True,46.0,33.0,1.393939393939394,1.821,5
10,19,52,RandomSampler,False,,33.0,,0.0,5
10,25,53,PathIntegralAnnealingSampler,True,60.2,50.000000000000014,1.2039999999999997,1.749,5
10,25,53,RandomSampler,False,,50.000000000000014,,0.0,5
10,21,54,PathIntegralAnnealingSampler,True,51.0,37.0,1.3783783783783783,1.852,5
10,21,54,RandomSampler,False,,37.0,,0.0,5
10,21,55,PathIntegralAnnealingSampler,True,52.8,37.0,1.4270270270270269,1.777,5
10,21,55,RandomSampler,False,,37.0,,0.0,5
10,26,56,PathIntegralAnnealingSampler,True,70.0,54.000000000000014,1.296296296296296,2.039,5
10,26,56,RandomSampler,False,,54.000000000000014,,0.0,5
10,25,57,PathIntegralAnnealingSampler,True,61.4,50.000000000000014,1.2279999999999995,1.78,5
10,25,57,RandomSampler,False,,50.000000000000014,,0.0,5
10,21,58,PathIntegralAnnealingSampler,True,46.4,37.0,1.2540540540540541,1.75,5
10,21,58,RandomSampler,False,,37.0,,0.0,5
10,26,59,PathIntegralAnnealingSampler,True,69.4,54.000000000000014,1.285185185185185,1.763,5
10,26,59,RandomSampler,False,,54.000000000000014,,0.0,5
10,22,60,PathIntegralAnnealingSampler,True,52.2,40.0,1.3050000000000002,1.8,5
10,22,60,RandomSampler,False,,40.0,,0.0,5
10,21,61,PathIntegralAnnealingSampler,True,48.2,37.0,1.3027027027027027,1.739,5
10,21,61,RandomSampler,False,,37.0,,0.0,5
10,27,62,PathIntegralAnnealingSampler,True,73.8,58.000000000000014,1.2724137931034478,1.767,5
10,27,62,RandomSampler,False,,58.000000000000014,,0.0,5
10,16,63,PathIntegralAnnealingSampler,True,34.8,25.0,1.392,1.795,5
10,16,63,RandomSampler,False,,25.0,,0.0,5
10,19,64,PathIntegralAnnealingSampler,True,43.4,32.0,1.35625,1.774,5
10,19,64,RandomSampler,False,,32.0,,0.0,5
10,25,65,PathIntegralAnnealingSampler,True,63.2,50.000000000000014,1.2639999999999998,1.762,5
10,25,65,RandomSampler,False,,50.000000000000014,,0.0,5
10,20,66,PathIntegralAnnealingSampler,True,47.4,34.0,1.3941176470588235,1.755,5
10,20,66,RandomSampler,False,,34.0,,0.0,5
10,24,67,PathIntegralAnnealingSampler,True,63.6,46.0,1.382608695652174,1.76,5
10,24,67,RandomSampler,False,,46.0,,0.0,5
10,24,68,PathIntegralAnnealingSampler,True,62.6,46.0,1.3608695652173914,1.798,5
10,24,68,RandomSampler,False,,46.0,,0.0,5
10,20,69,PathIntegralAnnealingSampler,True,47.4,35.0,1.3542857142857143,1.789,5
10,20,69,RandomSampler,False,,35.0,,0.0,5
10,24,70,PathIntegralAnnealingSampler,True,63.0,46.0,1.3695652173913044,2.561,5
10,24,70,RandomSampler,False,,46.0,,0.0,5
10,25,71,PathIntegralAnnealingSampler,True,69.2,50.000000000000014,1.3839999999999997,1.817,5
10,25,71,RandomSampler,False,,50.000000000000014,,0.0,5
10,19,72,PathIntegralAnnealingSampler,True,45.4,32.0,1.41875,1.794,5
10,19,72,RandomSampler,False,,32.0,,0.0,5
10,23,73,PathIntegralAnnealingSampler,True,54.8,43.0,1.2744186046511627,1.782,5
10,23,73,RandomSampler,False,,43.0,,0.0,5
10,28,74,PathIntegralAnnealingSampler,True,78.8,62.000000000000014,1.2709677419354835,1.783,5
10,28,74,RandomSampler,False,,62.000000000000014,,0.0,5
10,27,75,PathIntegralAnnealingSampler,True,68.8,58.000000000000014,1.1862068965517238,2.229,5
10,27,75,RandomSampler,False,,58.000000000000014,,0.0,5
10,13,76,PathIntegralAnnealingSampler,True,24.0,20.0,1.2,1.808,5
10,13,76,RandomSampler,False,,20.0,,0.0,5
10,20,77,PathIntegralAnnealingSampler,True,51.2,34.0,1.5058823529411764,1.766,5
10,20,77,RandomSampler,False,,34.0,,0.0,5
10,23,78,PathIntegralAnnealingSampler,True,56.0,43.0,1.302325581395349,1.785,5
10,23,78,RandomSampler,False,,43.0,,0.0,5
10,26,79,PathIntegralAnnealingSampler,True,64.0,54.000000000000014,1.185185185185185,1.764,5
10,26,79,RandomSampler,False,,54.000000000000014,,0.0,5
10,20,80,PathIntegralAnnealingSampler,True,52.0,34.0,1.5294117647058822,1.768,5
10,20,80,RandomSampler,False,,34.0,,0.0,5
10,20,81,PathIntegralAnnealingSampler,True,47.8,34.0,1.4058823529411764,1.805,5
10,20,81,RandomSampler,False,,34.0,,0.0,5
10,23,82,PathIntegralAnnealingSampler,True,59.6,43.0,1.386046511627907,1.797,5
10,23,82,RandomSampler,False,,43.0,,0.0,5
10,26,83,PathIntegralAnnealingSampler,True,69.0,54.000000000000014,1.2777777777777775,1.764,5
10,26,83,RandomSampler,False,,54.000000000000014,,0.0,5
10,19,84,PathIntegralAnnealingSampler,True,41.8,32.0,1.30625,1.984,5
10,19,84,RandomSampler,False,,32.0,,0.0,5
10,19,85,PathIntegralAnnealingSampler,True,39.0,31.0,1.2580645161290323,1.778,5
10,19,85,RandomSampler,False,,31.0,,0.0,5
10,22,86,PathIntegralAnnealingSampler,True,54.2,40.0,1.355,1.762,5
10,22,86,RandomSampler,False,,40.0,,0.0,5
10,22,87,PathIntegralAnnealingSampler,True,53.8,40.0,1.345,1.797,5
10,22,87,RandomSampler,False,,40.0,,0.0,5
10,28,88,PathIntegralAnnealingSampler,True,72.0,62.000000000000014,1.1612903225806448,1.758,5
10,28,88,RandomSampler,False,,62.000000000000014,,0.0,5
10,20,89,PathIntegralAnnealingSampler,True,48.6,35.0,1.3885714285714286,1.74,5
10,20,89,RandomSampler,False,,35.0,,0.0,5
10,22,90,PathIntegralAnnealingSampler,True,53.2,40.0,1.33,1.947,5
10,22,90,RandomSampler,False,,40.0,,0.0,5
10,19,91,PathIntegralAnnealingSampler,True,45.4,32.0,1.41875,1.76,5
10,19,91,RandomSampler,False,,32.0,,0.0,5
10,25,92,PathIntegralAnnealingSampler,True,66.2,50.000000000000014,1.3239999999999996,1.767,5
10,25,92,RandomSampler,False,,50.000000000000014,,0.0,5
10,23,93,PathIntegralAnnealingSampler,True,58.2,43.0,1.3534883720930233,1.782,5
10,23,93,RandomSampler,False,,43.0,,0.0,5
10,24,94,PathIntegralAnnealingSampler,True,57.4,46.0,1.2478260869565216,2.26,5
10,24,94,RandomSampler,False,,46.0,,0.0,5
10,20,95,PathIntegralAnnealingSampler,True,42.6,34.0,1.2529411764705882,1.782,5
10,20,95,RandomSampler,False,,34.0,,0.0,5
10,17,96,PathIntegralAnnealingSampler,True,30.8,29.0,1.0620689655172415,1.766,5
10,17,96,RandomSampler,False,,29.0,,0.0,5
10,19,97,PathIntegralAnnealingSampler,True,43.6,33.0,1.3212121212121213,1.782,5
10,19,97,RandomSampler,False,,33.0,,0.0,5
10,26,98,PathIntegralAnnealingSampler,True,71.0,54.000000000000014,1.3148148148148144,1.783,5
10,26,98,RandomSampler,False,,54.000000000000014,,0.0,5
10,22,99,PathIntegralAnnealingSampler,True,53.0,40.0,1.325,1.787,5
10,22,99,RandomSampler,False,,40.0,,0.0,5
15,52,0,PathIntegralAnnealingSampler,True,204.4,130.0,1.5723076923076924,5.153,5
15,52,0,RandomSampler,False,,130.0,,0.0,5
15,54,1,PathIntegralAnnealingSampler,True,215.0,140.0,1.5357142857142858,5.444,5
15,54,1,RandomSampler,False,,140.0,,0.0,5
15,47,2,PathIntegralAnnealingSampler,True,171.8,108.00000000000006,1.59074074074074,5.108,5
15,47,2,RandomSampler,False,,108.00000000000006,,0.0,5
15,53,3,PathIntegralAnnealingSampler,True,193.2,135.0,1.431111111111111,5.268,5
15,53,3,RandomSampler,False,,135.0,,0.0,5
15,45,4,PathIntegralAnnealingSampler,True,167.8,100.00000000000006,1.6779999999999993,5.133,5
15,45,4,RandomSampler,False,,100.00000000000006,,0.0,5
15,53,5,PathIntegralAnnealingSampler,True,183.6,135.0,1.3599999999999999,5.173,5
15,53,5,RandomSampler,False,,135.0,,0.0,5
15,56,6,PathIntegralAnnealingSampler,True,211.6,150.0,1.4106666666666667,5.123,5
15,56,6,RandomSampler,False,,150.0,,0.0,5
15,50,7,PathIntegralAnnealingSampler,True,188.5,120.00000000000006,1.5708333333333326,5.099,5
15,50,7,RandomSampler,False,,120.00000000000006,,0.0,5
15,53,8,PathIntegralAnnealingSampler,True,191.2,135.0,1.4162962962962962,5.215,5
15,53,8,RandomSampler,False,,135.0,,0.0,5
15,51,9,PathIntegralAnnealingSampler,True,190.0,125.0,1.52,5.091,5
15,51,9,RandomSampler,False,,125.0,,0.0,5
15,45,10,PathIntegralAnnealingSampler,True,153.4,100.00000000000006,1.5339999999999991,5.281,5
15,45,10,RandomSampler,False,,100.00000000000006,,0.0,5
15,47,11,PathIntegralAnnealingSampler,True,175.6,111.21276289940899,1.5789554671780677,5.032,5
15,47,11,RandomSampler,False,,111.21276289940899,,0.0,5
15,51,12,PathIntegralAnnealingSampler,True,198.0,125.0,1.584,5.006,5
15,51,12,RandomSampler,False,,125.0,,0.0,5
15,53,13,PathIntegralAnnealingSampler,True,209.0,141.52966416700085,1.4767222209570579,5.128,5
15,53,13,RandomSampler,False,,141.52966416700085,,0.0,5
15,54,14,PathIntegralAnnealingSampler,True,200.8,140.0,1.4342857142857144,5.111,5
15,54,14,RandomSampler,False,,140.0,,0.0,5
15,50,15,PathIntegralAnnealingSampler,True,191.6,120.00000000000006,1.5966666666666658,5.093,5
15,50,15,RandomSampler,False,,120.00000000000006,,0.0,5
15,52,16,PathIntegralAnnealingSampler,True,188.8,130.0,1.4523076923076923,5.063,5
15,52,16,RandomSampler,False,,130.0,,0.0,5
15,51,17,PathIntegralAnnealingSampler,True,191.0,125.0,1.528,5.026,5
15,51,17,RandomSampler,False,,125.0,,0.0,5
15,56,18,PathIntegralAnnealingSampler,True,219.6,151.45265484274066,1.4499580758621857,5.072,5
15,56,18,RandomSampler,False,,151.45265484274066,,0.0,5
15,45,19,PathIntegralAnnealingSampler,True,153.6,100.00000000000006,1.5359999999999991,5.026,5
15,45,19,RandomSampler,False,,100.00000000000006,,0.0,5
15,54,20,PathIntegralAnnealingSampler,True,203.2,140.0,1.4514285714285713,5.062,5
15,54,20,RandomSampler,False,,140.0,,0.0,5
15,50,21,PathIntegralAnnealingSampler,True,190.2,120.36798316269443,1.5801544148406779,5.058,5
15,50,21,RandomSampler,False,,120.36798316269443,,0.0,5
15,54,22,PathIntegralAnnealingSampler,True,214.0,150.13646557201218,1.4253699072018982,5.027,5
15,54,22,RandomSampler,False,,150.13646557201218,,0.0,5
15,55,23,PathIntegralAnnealingSampler,True,223.4,160.83810051527897,1.38897437413331,5.088,5
15,55,23,RandomSampler,False,,160.83810051527897,,0.0,5
15,56,24,PathIntegralAnnealingSampler,True,229.6,152.08380129707606,1.5096939847755781,5.036,5
15,56,24,RandomSampler,False,,152.08380129707606,,0.0,5
15,53,25,PathIntegralAnnealingSampler,True,190.2,135.0,1.4088888888888889,5.13,5
15,53,25,RandomSampler,False,,135.0,,0.0,5
15,57,26,PathIntegralAnnealingSampler,True,230.8,155.0,1.4890322580645161,5.132,5
15,57,26,RandomSampler,False,,155.0,,0.0,5
15,57,27,PathIntegralAnnealingSampler,True,239.25,155.0,1.543548387096774,5.076,5
15,57,27,RandomSampler,False,,155.0,,0.0,5
15,48,28,PathIntegralAnnealingSampler,True,176.8,112.00000000000006,1.5785714285714278,5.071,5
15,48,28,RandomSampler,False,,112.00000000000006,,0.0,5
15,52,29,PathIntegralAnnealingSampler,True,196.6,131.77744192547792,1.4919093672434482,5.005,5
15,52,29,RandomSampler,False,,131.77744192547792,,0.0,5
15,60,30,PathIntegralAnnealingSampler,True,240.2,170.0,1.4129411764705881,5.057,5
15,60,30,RandomSampler,False,,170.0,,0.0,5
15,56,31,PathIntegralAnnealingSampler,True,227.0,151.8134139814401,1.4952565392393573,5.292,5
15,56,31,RandomSampler,False,,151.8134139814401,,0.0,5
15,54,32,PathIntegralAnnealingSampler,True,202.4,140.0,1.4457142857142857,5.211,5
15,54,32,RandomSampler,False,,140.0,,0.0,5
15,53,33,PathIntegralAnnealingSampler,True,204.0,135.0,1.511111111111111,5.137,5
15,53,33,RandomSampler,False,,135.0,,0.0,5
15,52,34,PathIntegralAnnealingSampler,True,193.6,130.0,1.4892307692307691,5.225,5
15,52,34,RandomSampler,False,,130.0,,0.0,5
15,53,35,PathIntegralAnnealingSampler,True,208.0,148.28357055783673,1.4027177739078747,5.131,5
15,53,35,RandomSampler,False,,148.28357055783673,,0.0,5
15,39,36,PathIntegralAnnealingSampler,True,135.6,76.0,1.7842105263157895,5.18,5
15,39,36,RandomSampler,False,,76.0,,0.0,5
15,56,37,PathIntegralAnnealingSampler,True,211.8,150.0,1.4120000000000001,5.074,5
15,56,37,RandomSampler,False,,150.0,,0.0,5
15,47,38,PathIntegralAnnealingSampler,True,170.2,110.46340110549441,1.5407818182010902,5.102,5
15,47,38,RandomSampler,False,,110.46340110549441,,0.0,5
15,54,39,PathIntegralAnnealingSampler,True,207.4,140.0,1.4814285714285715,5.039,5
15,54,39,RandomSampler,False,,140.0,,0.0,5
15,54,40,PathIntegralAnnealingSampler,True,203.8,140.0,1.4557142857142857,5.032,5
15,54,40,RandomSampler,False,,140.0,,0.0,5
15,45,41,PathIntegralAnnealingSampler,True,149.0,100.00000000000006,1.489999999999999,5.008,5
15,45,41,RandomSampler,False,,100.00000000000006,,0.0,5
15,44,42,PathIntegralAnnealingSampler,True,163.8,96.00000000000006,1.7062499999999992,5.229,5
15,44,42,RandomSampler,False,,96.00000000000006,,0.0,5
15,55,43,PathIntegralAnnealingSampler,True,215.6,145.0,1.486896551724138,5.034,5
15,55,43,RandomSampler,False,,145.0,,0.0,5
15,55,44,PathIntegralAnnealingSampler,True,215.2,146.2294895705642,1.4716593802794717,5.055,5
15,55,44,RandomSampler,False,,146.2294895705642,,0.0,5
15,55,45,PathIntegralAnnealingSampler,True,218.6,145.0,1.5075862068965518,5.044,5
15,55,45,RandomSampler,False,,145.0,,0.0,5
15,41,46,PathIntegralAnnealingSampler,True,139.8,84.00000000000006,1.6642857142857133,5.115,5
15,41,46,RandomSampler,False,,84.00000000000006,,0.0,5
15,64,47,PathIntegralAnnealingSampler,True,261.6,194.0,1.3484536082474228,5.071,5
15,64,47,RandomSampler,False,,194.0,,0.0,5
15,55,48,PathIntegralAnnealingSampler,True,222.8,145.0,1.5365517241379312,5.187,5
15,55,48,RandomSampler,False,,145.0,,0.0,5
15,53,49,PathIntegralAnnealingSampler,True,202.8,135.0,1.5022222222222223,5.156,5
15,53,49,RandomSampler,False,,135.0,,0.0,5
15,52,50,PathIntegralAnnealingSampler,True,202.2,130.0,1.5553846153846154,5.159,5
15,52,50,RandomSampler,False,,130.0,,0.0,5
15,58,51,PathIntegralAnnealingSampler,True,226.6,160.0,1.41625,5.4,5
15,58,51,RandomSampler,False,,160.0,,0.0,5
15,59,52,PathIntegralAnnealingSampler,True,243.4,176.0313674513841,1.382708113468593,6.031,5
15,59,52,RandomSampler,False,,176.0313674513841,,0.0,5
15,48,53,PathIntegralAnnealingSampler,True,166.6,112.00000000000006,1.4874999999999992,6.183,5
15,48,53,RandomSampler,False,,112.00000000000006,,0.001,5
15,63,54,PathIntegralAnnealingSampler,True,260.8,188.0,1.3872340425531915,5.8,5
15,63,54,RandomSampler,False,,188.0,,0.0,5
15,57,55,PathIntegralAnnealingSampler,True,230.8,155.0,1.4890322580645161,5.379,5
15,57,55,RandomSampler,False,,155.0,,0.0,5
15,49,56,PathIntegralAnnealingSampler,True,180.4,116.00000000000006,1.5551724137931027,5.135,5
15,49,56,RandomSampler,False,,116.00000000000006,,0.0,5
15,43,57,PathIntegralAnnealingSampler,True,162.6,92.00000000000006,1.7673913043478249,5.298,5
15,43,57,RandomSampler,False,,92.00000000000006,,0.0,5
15,51,58,PathIntegralAnnealingSampler,True,194.8,125.0,1.5584,5.577,5
15,51,58,RandomSampler,False,,125.0,,0.0,5
15,60,59,PathIntegralAnnealingSampler,True,233.4,170.0,1.3729411764705883,5.703,5
15,60,59,RandomSampler,False,,170.0,,0.0,5
15,54,60,PathIntegralAnnealingSampler,True,216.0,140.0,1.542857142857143,5.711,5
15,54,60,RandomSampler,False,,140.0,,0.0,5
15,62,61,PathIntegralAnnealingSampler,True,249.8,182.0,1.3725274725274725,5.487,5
15,62,61,RandomSampler,False,,182.0,,0.0,5
15,53,62,PathIntegralAnnealingSampler,True,195.2,135.0,1.4459259259259258,5.556,5
15,53,62,RandomSampler,False,,135.0,,0.0,5
15,51,63,PathIntegralAnnealingSampler,True,187.8,125.0,1.5024000000000002,5.059,5
15,51,63,RandomSampler,False,,125.0,,0.0,5
15,44,64,PathIntegralAnnealingSampler,True,154.0,96.00000000000006,1.6041666666666656,5.683,5
15,44,64,RandomSampler,False,,96.00000000000006,,0.0,5
15,55,65,PathIntegralAnnealingSampler,True,192.0,145.0,1.3241379310344827,5.112,5
15,55,65,RandomSampler,False,,145.0,,0.0,5
15,50,66,PathIntegralAnnealingSampler,True,193.0,128.27175474147558,1.5046180695740892,5.186,5
15,50,66,RandomSampler,False,,128.27175474147558,,0.0,5
15,50,67,PathIntegralAnnealingSampler,True,184.8,120.00000000000006,1.5399999999999994,5.23,5
15,50,67,RandomSampler,False,,120.00000000000006,,0.0,5
15,56,68,PathIntegralAnnealingSampler,True,223.8,152.99225886208922,1.4628191103560249,5.173,5
15,56,68,RandomSampler,False,,152.99225886208922,,0.0,5
15,49,69,PathIntegralAnnealingSampler,True,183.4,116.7648145988763,1.5706786383384108,4.989,5
15,49,69,RandomSampler,False,,116.7648145988763,,0.0,5
15,50,70,PathIntegralAnnealingSampler,True,194.8,125.19504445849407,1.5559721300676728,5.225,5
15,50,70,RandomSampler,False,,125.19504445849407,,0.0,5
15,57,71,PathIntegralAnnealingSampler,True,230.6,161.51064645222223,1.4277696552234136,5.146,5
15,57,71,RandomSampler,False,,161.51064645222223,,0.0,5
15,53,72,PathIntegralAnnealingSampler,True,212.6,146.36749384729606,1.4525083022997152,5.187,5
15,53,72,RandomSampler,False,,146.36749384729606,,0.0,5
15,57,73,PathIntegralAnnealingSampler,True,233.2,155.0,1.504516129032258,5.125,5
15,57,73,RandomSampler,False,,155.0,,0.0,5
15,51,74,PathIntegralAnnealingSampler,True,180.0,125.0,1.44,5.535,5
15,51,74,RandomSampler,False,,125.0,,0.0,5
15,52,75,PathIntegralAnnealingSampler,True,208.4,130.0,1.603076923076923,5.35,5
15,52,75,RandomSampler,False,,130.0,,0.0,5
15,53,76,PathIntegralAnnealingSampler,True,196.8,135.0,1.4577777777777778,5.477,5
15,53,76,RandomSampler,False,,135.0,,0.0,5
15,52,77,PathIntegralAnnealingSampler,True,194.6,130.0,1.4969230769230768,5.367,5
15,52,77,RandomSampler,False,,130.0,,0.0,5
15,52,78,PathIntegralAnnealingSampler,True,195.0,130.0,1.5,5.305,5
15,52,78,RandomSampler,False,,130.0,,0.0,5
15,50,79,PathIntegralAnnealingSampler,True,188.8,120.00000000000006,1.5733333333333326,5.19,5
15,50,79,RandomSampler,False,,120.00000000000006,,0.0,5
15,57,80,PathIntegralAnnealingSampler,True,230.6,166.51092389542782,1.3848941234919903,5.083,5
15,57,80,RandomSampler,False,,166.51092389542782,,0.0,5
15,59,81,PathIntegralAnnealingSampler,True,244.8,178.89190393252207,1.3684241411636966,5.123,5
15,59,81,RandomSampler,False,,178.89190393252207,,0.0,5
15,44,82,PathIntegralAnnealingSampler,True,157.4,96.00000000000006,1.6395833333333325,5.134,5
15,44,82,RandomSampler,False,,96.00000000000006,,0.0,5
15,55,83,PathIntegralAnnealingSampler,True,229.0,145.0,1.5793103448275863,5.384,5
15,55,83,RandomSampler,False,,145.0,,0.0,5
15,54,84,PathIntegralAnnealingSampler,True,207.2,140.0,1.48,5.679,5
15,54,84,RandomSampler,False,,140.0,,0.0,5
15,52,85,PathIntegralAnnealingSampler,True,191.6,130.0,1.4738461538461538,8.002,5
15,52,85,RandomSampler,False,,130.0,,0.0,5
15,61,86,PathIntegralAnnealingSampler,True,248.8,180.3594832528061,1.379467247925424,6.045,5
15,61,86,RandomSampler,False,,180.3594832528061,,0.001,5
15,57,87,PathIntegralAnnealingSampler,True,201.0,155.0,1.2967741935483872,5.993,5
15,57,87,RandomSampler,False,,155.0,,0.0,5
15,55,88,PathIntegralAnnealingSampler,True,225.0,165.20619439741787,1.3619344045825723,6.033,5
15,55,88,RandomSampler,False,,165.20619439741787,,0.0,5
15,43,89,PathIntegralAnnealingSampler,True,153.0,92.00000000000006,1.6630434782608685,5.95,5
15,43,89,RandomSampler,False,,92.00000000000006,,0.0,5
15,50,90,PathIntegralAnnealingSampler,True,189.8,120.00000000000006,1.581666666666666,5.279,5
15,50,90,RandomSampler,False,,120.00000000000006,,0.0,5
15,51,91,PathIntegralAnnealingSampler,True,202.0,125.0,1.616,5.086,5
15,51,91,RandomSampler,False,,125.0,,0.0,5
15,50,92,PathIntegralAnnealingSampler,True,195.6,133.78345648121814,1.462064183006516,5.104,5
15,50,92,RandomSampler,False,,133.78345648121814,,0.0,5
15,55,93,PathIntegralAnnealingSampler,True,216.2,145.0,1.4910344827586206,5.077,5
15,55,93,RandomSampler,False,,145.0,,0.0,5
15,58,94,PathIntegralAnnealingSampler,True,239.2,160.0,1.4949999999999999,5.112,5
15,58,94,RandomSampler,False,,160.0,,0.0,5
15,61,95,PathIntegralAnnealingSampler,True,249.4,176.0,1.4170454545454545,5.027,5
15,61,95,RandomSampler,False,,176.0,,0.0,5
15,50,96,PathIntegralAnnealingSampler,True,181.4,120.00000000000006,1.511666666666666,5.153,5
15,50,96,RandomSampler,False,,120.00000000000006,,0.0,5
15,59,97,PathIntegralAnnealingSampler,True,239.4,165.0,1.450909090909091,5.111,5
15,59,97,RandomSampler,False,,165.0,,0.0,5
15,63,98,PathIntegralAnnealingSampler,True,249.0,188.0,1.324468085106383,5.181,5
15,63,98,RandomSampler,False,,188.0,,0.0,5
15,55,99,PathIntegralAnnealingSampler,True,221.8,150.60896984241148,1.4726878500801028,5.145,5
15,55,99,RandomSampler,False,,150.60896984241148,,0.0,5
20,96,0,PathIntegralAnnealingSampler,True,491.0,311.0000000000001,1.5787781350482308,11.05,5
20,96,0,RandomSampler,False,,311.0000000000001,,0.0,5
20,113,1,PathIntegralAnnealingSampler,True,635.5,428.0,1.4848130841121496,11.117,5
20,113,1,RandomSampler,False,,428.0,,0.0,5
20,84,2,PathIntegralAnnealingSampler,True,415.0,260.73466447087054,1.591656409945307,11.17,5
20,84,2,RandomSampler,False,,260.73466447087054,,0.0,5
20,99,3,PathIntegralAnnealingSampler,True,524.4,329.0000000000001,1.5939209726443764,11.034,5
20,99,3,RandomSampler,False,,329.0000000000001,,0.0,5
20,75,4,PathIntegralAnnealingSampler,True,357.6,211.39783316022792,1.6915972820258707,11.179,5
20,75,4,RandomSampler,False,,211.39783316022792,,0.0,5
20,95,5,PathIntegralAnnealingSampler,True,523.4,392.1435431202967,1.3347153336640254,11.053,5
20,95,5,RandomSampler,False,,392.1435431202967,,0.0,5
20,92,6,PathIntegralAnnealingSampler,True,486.0,319.7127930065273,1.5201143358379086,10.918,5
20,92,6,RandomSampler,False,,319.7127930065273,,0.0,5
20,94,7,PathIntegralAnnealingSampler,True,499.25,305.9896086573724,1.6315913543293825,11.049,5
20,94,7,RandomSampler,False,,305.9896086573724,,0.0,5
20,95,8,PathIntegralAnnealingSampler,True,458.8,305.0,1.5042622950819673,11.049,5
20,95,8,RandomSampler,False,,305.0,,0.0,5
20,96,9,PathIntegralAnnealingSampler,True,525.5,311.0000000000001,1.6897106109324753,11.058,5
20,96,9,RandomSampler,False,,311.0000000000001,,0.0,5
20,98,10,PathIntegralAnnealingSampler,True,504.4,359.3035638336351,1.4038268772461926,10.977,5
20,98,10,RandomSampler,False,,359.3035638336351,,0.0,5
20,96,11,PathIntegralAnnealingSampler,True,517.6,333.8872669082061,1.5502238369045118,11.006,5
20,96,11,RandomSampler,False,,333.8872669082061,,0.0,5
20,89,12,PathIntegralAnnealingSampler,True,435.6,269.0,1.6193308550185874,11.073,5
20,89,12,RandomSampler,False,,269.0,,0.0,5
20,93,13,PathIntegralAnnealingSampler,True,494.6666666666667,293.0,1.6882821387940843,11.175,5
20,93,13,RandomSampler,False,,293.0,,0.0,5
20,101,14,PathIntegralAnnealingSampler,True,533.25,355.07945478896903,1.5017765539741559,10.967,5
20,101,14,RandomSampler,False,,355.07945478896903,,0.0,5
20,91,15,PathIntegralAnnealingSampler,True,469.6,290.34091875201585,1.617408948137592,10.985,5
20,91,15,RandomSampler,False,,290.34091875201585,,0.0,5
20,85,16,PathIntegralAnnealingSampler,True,458.0,246.5645017220877,1.857526111022378,11.061,5
20,85,16,RandomSampler,False,,246.5645017220877,,0.0,5
20,99,17,PathIntegralAnnealingSampler,True,545.75,361.2330416251923,1.5107975658723338,10.971,5
20,99,17,RandomSampler,False,,361.2330416251923,,0.0,5
20,99,18,PathIntegralAnnealingSampler,True,507.0,356.45585324924485,1.422336021076613,11.058,5
20,99,18,RandomSampler,False,,356.45585324924485,,0.0,5
20,93,19,PathIntegralAnnealingSampler,True,498.0,316.15794072395687,1.5751620815205545,11.12,5
20,93,19,RandomSampler,False,,316.15794072395687,,0.0,5
20,104,20,PathIntegralAnnealingSampler,True,543.25,364.0,1.492445054945055,10.938,5
20,104,20,RandomSampler,False,,364.0,,0.0,5
20,100,21,PathIntegralAnnealingSampler,True,550.0,336.0,1.6369047619047619,11.012,5
20,100,21,RandomSampler,False,,336.0,,0.0,5
20,87,22,PathIntegralAnnealingSampler,True,408.0,264.2114050902289,1.5442179714409638,10.929,5
20,87,22,RandomSampler,False,,264.2114050902289,,0.0,5
20,97,23,PathIntegralAnnealingSampler,True,515.5,317.0000000000001,1.626182965299684,11.117,5
20,97,23,RandomSampler,False,,317.0000000000001,,0.0,5
20,95,24,PathIntegralAnnealingSampler,True,493.2,305.0,1.6170491803278688,11.05,5
20,95,24,RandomSampler,False,,305.0,,0.0,5
20,99,25,PathIntegralAnnealingSampler,True,530.6,329.0000000000001,1.612765957446808,10.929,5
20,99,25,RandomSampler,False,,329.0000000000001,,0.0,5
20,103,26,PathIntegralAnnealingSampler,True,537.6,370.9886838295344,1.449100803966899,10.996,5
20,103,26,RandomSampler,False,,370.9886838295344,,0.0,5
20,102,27,PathIntegralAnnealingSampler,True,563.2,404.3218388685434,1.3929497391881236,11.021,5
20,102,27,RandomSampler,False,,404.3218388685434,,0.0,5
20,92,28,PathIntegralAnnealingSampler,True,473.8,320.2659438651942,1.4793955119980886,10.946,5
20,92,28,RandomSampler,False,,320.2659438651942,,0.0,5
20,84,29,PathIntegralAnnealingSampler,True,441.6,292.6761633703553,1.5088348668873146,11.167,5
20,84,29,RandomSampler,False,,292.6761633703553,,0.0,5
20,80,30,PathIntegralAnnealingSampler,True,397.0,237.58403320421246,1.6709877117826495,11.022,5
20,80,30,RandomSampler,False,,237.58403320421246,,0.0,5
20,91,31,PathIntegralAnnealingSampler,True,500.2,344.02242138960156,1.453974999593207,10.966,5
20,91,31,RandomSampler,False,,344.02242138960156,,0.0,5
20,96,32,PathIntegralAnnealingSampler,True,521.5,311.0000000000001,1.67684887459807,11.015,5
20,96,32,RandomSampler,False,,311.0000000000001,,0.0,5
20,94,33,PathIntegralAnnealingSampler,True,481.2,358.6985303447086,1.3415165084104685,10.977,5
20,94,33,RandomSampler,False,,358.6985303447086,,0.0,5
20,96,34,PathIntegralAnnealingSampler,True,516.75,340.1880327771315,1.5190128699751766,11.092,5
20,96,34,RandomSampler,False,,340.1880327771315,,0.0,5
20,89,35,PathIntegralAnnealingSampler,True,466.4,294.553937415486,1.5834111880912145,11.035,5
20,89,35,RandomSampler,False,,294.553937415486,,0.0,5
20,84,36,PathIntegralAnnealingSampler,True,399.75,246.03611872096394,1.6247614459134232,10.998,5
20,84,36,RandomSampler,False,,246.03611872096394,,0.0,5
20,88,37,PathIntegralAnnealingSampler,True,469.6,263.0,1.7855513307984792,11.025,5
20,88,37,RandomSampler,False,,263.0,,0.0,5
20,91,38,PathIntegralAnnealingSampler,True,461.8,319.0229079239016,1.447544952195583,11.033,5
20,91,38,RandomSampler,False,,319.0229079239016,,0.0,5
20,91,39,PathIntegralAnnealingSampler,True,491.8,313.9744207607337,1.5663696386744175,11.307,5
20,91,39,RandomSampler,False,,313.9744207607337,,0.0,5
20,83,40,PathIntegralAnnealingSampler,True,423.0,290.98277041770245,1.4536943180271062,11.102,5
20,83,40,RandomSampler,False,,290.98277041770245,,0.0,5
20,92,41,PathIntegralAnnealingSampler,True,487.25,287.0095656382994,1.697678608433739,10.858,5
20,92,41,RandomSampler,False,,287.0095656382994,,0.0,5
20,97,42,PathIntegralAnnealingSampler,True,508.3333333333333,317.0000000000001,1.6035751840168238,10.969,5
20,97,42,RandomSampler,False,,317.0000000000001,,0.0,5
20,88,43,PathIntegralAnnealingSampler,True,451.8,263.56041514697074,1.7142179706617175,10.943,5
20,88,43,RandomSampler,False,,263.56041514697074,,0.0,5
20,105,44,PathIntegralAnnealingSampler,True,560.6666666666666,371.0,1.5112309074573225,11.027,5
20,105,44,RandomSampler,False,,371.0,,0.0,5
20,90,45,PathIntegralAnnealingSampler,True,437.2,275.0,1.5898181818181818,11.108,5
20,90,45,RandomSampler,False,,275.0,,0.0,5
20,89,46,PathIntegralAnnealingSampler,True,473.8,298.28551695901996,1.5884110124766573,10.918,5
20,89,46,RandomSampler,False,,298.28551695901996,,0.0,5
20,101,47,PathIntegralAnnealingSampler,True,522.25,378.0045051604755,1.3815972901653315,10.883,5
20,101,47,RandomSampler,False,,378.0045051604755,,0.0,5
20,86,48,PathIntegralAnnealingSampler,True,427.4,269.20889515087987,1.5876147025545382,11.095,5
20,86,48,RandomSampler,False,,269.20889515087987,,0.0,5
20,98,49,PathIntegralAnnealingSampler,True,516.0,323.0000000000001,1.5975232198142408,10.994,5
20,98,49,RandomSampler,False,,323.0000000000001,,0.0,5
20,93,50,PathIntegralAnnealingSampler,True,498.75,315.77540765317667,1.5794453523365837,11.071,5
20,93,50,RandomSampler,False,,315.77540765317667,,0.0,5
20,85,51,PathIntegralAnnealingSampler,True,408.2,245.00000000000023,1.6661224489795903,11.298,5
20,85,51,RandomSampler,False,,245.00000000000023,,0.0,5
20,91,52,PathIntegralAnnealingSampler,True,468.2,306.4538775253523,1.527799236155094,11.071,5
20,91,52,RandomSampler,False,,306.4538775253523,,0.0,5
20,103,53,PathIntegralAnnealingSampler,True,561.3333333333334,357.0,1.5723622782446314,10.994,5
20,103,53,RandomSampler,False,,357.0,,0.0,5
20,90,54,PathIntegralAnnealingSampler,True,468.0,275.0,1.701818181818182,11.11,5
20,90,54,RandomSampler,False,,275.0,,0.0,5
20,89,55,PathIntegralAnnealingSampler,True,460.0,317.79637956473454,1.447467717001788,11.158,5
20,89,55,RandomSampler,False,,317.79637956473454,,0.0,5
20,99,56,PathIntegralAnnealingSampler,True,522.6,329.0000000000001,1.5884498480243157,11.109,5
20,99,56,RandomSampler,False,,329.0000000000001,,0.0,5
20,95,57,PathIntegralAnnealingSampler,True,486.2,318.3681181678153,1.527162967190448,11.007,5
20,95,57,RandomSampler,False,,318.3681181678153,,0.0,5
20,102,58,PathIntegralAnnealingSampler,True,551.5,350.0,1.5757142857142856,10.84,5
20,102,58,RandomSampler,False,,350.0,,0.0,5
20,93,59,PathIntegralAnnealingSampler,True,457.8,293.0,1.562457337883959,10.838,5
20,93,59,RandomSampler,False,,293.0,,0.0,5
20,94,60,PathIntegralAnnealingSampler,True,470.2,323.5534060968749,1.4532376761912924,10.918,5
20,94,60,RandomSampler,False,,323.5534060968749,,0.0,5
20,86,61,PathIntegralAnnealingSampler,True,436.3333333333333,251.0,1.7383798140770252,11.067,5
20,86,61,RandomSampler,False,,251.0,,0.0,5
20,90,62,PathIntegralAnnealingSampler,True,463.8,300.96621921979005,1.541036735625454,11.006,5
20,90,62,RandomSampler,False,,300.96621921979005,,0.0,5
20,88,63,PathIntegralAnnealingSampler,True,474.6666666666667,264.6846912917102,1.7933287503338622,10.861,5
20,88,63,RandomSampler,False,,264.6846912917102,,0.0,5
20,98,64,PathIntegralAnnealingSampler,True,543.4,386.28925693145266,1.4067178681503605,10.991,5
20,98,64,RandomSampler,False,,386.28925693145266,,0.0,5
20,92,65,PathIntegralAnnealingSampler,True,436.0,287.0,1.519163763066202,10.881,5
20,92,65,RandomSampler,False,,287.0,,0.0,5
20,99,66,PathIntegralAnnealingSampler,True,543.0,396.16689062026484,1.370634479700824,10.96,5
20,99,66,RandomSampler,False,,396.16689062026484,,0.0,5
20,97,67,PathIntegralAnnealingSampler,True,518.0,321.5073471081004,1.6111606924672637,10.858,5
20,97,67,RandomSampler,False,,321.5073471081004,,0.0,5
20,102,68,PathIntegralAnnealingSampler,True,538.2,377.01074752384926,1.4275455103994195,10.934,5
20,102,68,RandomSampler,False,,377.01074752384926,,0.0,5
20,93,69,PathIntegralAnnealingSampler,True,501.4,309.6434309096479,1.619281889904861,10.966,5
20,93,69,RandomSampler,False,,309.6434309096479,,0.0,5
20,92,70,PathIntegralAnnealingSampler,True,499.6666666666667,287.0,1.7409988385598143,11.285,5
20,92,70,RandomSampler,False,,287.0,,0.0,5
20,100,71,PathIntegralAnnealingSampler,True,562.0,336.0,1.6726190476190477,10.988,5
20,100,71,RandomSampler,False,,336.0,,0.0,5
20,101,72,PathIntegralAnnealingSampler,True,565.2,390.7167441384477,1.446572250816375,11.078,5
20,101,72,RandomSampler,False,,390.7167441384477,,0.0,5
20,92,73,PathIntegralAnnealingSampler,True,504.0,287.0,1.7560975609756098,10.874,5
20,92,73,RandomSampler,False,,287.0,,0.001,5
20,78,74,PathIntegralAnnealingSampler,True,391.0,224.59868447201856,1.740882859216891,10.92,5
20,78,74,RandomSampler,False,,224.59868447201856,,0.0,5
20,94,75,PathIntegralAnnealingSampler,True,490.0,299.0,1.6387959866220736,10.998,5
20,94,75,RandomSampler,False,,299.0,,0.0,5
20,93,76,PathIntegralAnnealingSampler,True,488.3333333333333,329.3010128862309,1.4829390564372358,10.986,5
20,93,76,RandomSampler,False,,329.3010128862309,,0.0,5
20,103,77,PathIntegralAnnealingSampler,True,568.0,357.0,1.5910364145658262,10.955,5
20,103,77,RandomSampler,False,,357.0,,0.0,5
20,100,78,PathIntegralAnnealingSampler,True,528.0,344.7111061377584,1.5317174021918314,10.908,5
20,100,78,RandomSampler,False,,344.7111061377584,,0.0,5
20,87,79,PathIntegralAnnealingSampler,True,467.0,275.44432233011906,1.6954424620170683,10.892,5
20,87,79,RandomSampler,False,,275.44432233011906,,0.0,5
20,103,80,PathIntegralAnnealingSampler,True,581.2,432.2099455208974,1.3447168581452713,10.959,5
20,103,80,RandomSampler,False,,432.2099455208974,,0.0,5
20,97,81,PathIntegralAnnealingSampler,True,477.6,317.0000000000001,1.5066246056782329,10.919,5
20,97,81,RandomSampler,False,,317.0000000000001,,0.0,5
20,92,82,PathIntegralAnnealingSampler,True,473.6666666666667,287.0,1.6504065040650406,10.925,5
20,92,82,RandomSampler,False,,287.0,,0.0,5
20,95,83,PathIntegralAnnealingSampler,True,494.0,333.3317279629262,1.4820071375112052,11.223,5
20,95,83,RandomSampler,False,,333.3317279629262,,0.0,5
20,98,84,PathIntegralAnnealingSampler,True,502.4,323.0000000000001,1.5554179566563462,10.901,5
20,98,84,RandomSampler,False,,323.0000000000001,,0.0,5
20,103,85,PathIntegralAnnealingSampler,True,553.0,394.4359489903948,1.402002026984276,11.004,5
20,103,85,RandomSampler,False,,394.4359489903948,,0.0,5
20,101,86,PathIntegralAnnealingSampler,True,535.2,362.2299050257389,1.4775146738974256,11.08,5
20,101,86,RandomSampler,False,,362.2299050257389,,0.0,5
20,85,87,PathIntegralAnnealingSampler,False,,245.00000000000023,,11.092,5
20,85,87,RandomSampler,False,,245.00000000000023,,0.0,5
20,100,88,PathIntegralAnnealingSampler,True,521.0,336.0,1.5505952380952381,11.084,5
20,100,88,RandomSampler,False,,336.0,,0.0,5
20,95,89,PathIntegralAnnealingSampler,True,505.0,305.0,1.6557377049180328,11.125,5
20,95,89,RandomSampler,False,,305.0,,0.0,5
20,97,90,PathIntegralAnnealingSampler,True,485.4,317.0000000000001,1.5312302839116714,11.024,5
20,97,90,RandomSampler,False,,317.0000000000001,,0.0,5
20,75,91,PathIntegralAnnealingSampler,True,378.2,225.3684540105611,1.6781408101698074,11.128,5
20,75,91,RandomSampler,False,,225.3684540105611,,0.0,5
20,86,92,PathIntegralAnnealingSampler,True,415.0,251.0,1.653386454183267,11.119,5
20,86,92,RandomSampler,False,,251.0,,0.0,5
20,92,93,PathIntegralAnnealingSampler,True,483.25,292.5781780261073,1.6516952947764911,11.315,5
20,92,93,RandomSampler,False,,292.5781780261073,,0.0,5
20,93,94,PathIntegralAnnealingSampler,True,473.0,293.0,1.6143344709897611,11.054,5
20,93,94,RandomSampler,False,,293.0,,0.0,5
20,107,95,PathIntegralAnnealingSampler,True,554.75,385.0,1.440909090909091,10.942,5
20,107,95,RandomSampler,False,,385.0,,0.0,5
20,97,96,PathIntegralAnnealingSampler,True,523.4,368.3582747322611,1.4208992600490107,11.096,5
20,97,96,RandomSampler,False,,368.3582747322611,,0.0,5
20,89,97,PathIntegralAnnealingSampler,True,461.5,321.9117309243829,1.4336228091930159,10.98,5
20,89,97,RandomSampler,False,,321.9117309243829,,0.0,5
20,99,98,PathIntegralAnnealingSampler,True,540.5,329.0000000000001,1.6428571428571423,11.05,5
20,99,98,RandomSampler,False,,329.0000000000001,,0.0,5
20,87,99,PathIntegralAnnealingSampler,True,425.0,257.0,1.6536964980544746,11.127,5
20,87,99,RandomSampler,False,,257.0,,0.0,5
25,146,0,PathIntegralAnnealingSampler,True,987.5,634.7497230122023,1.5557312814786632,20.417,5
25,146,0,RandomSampler,False,,634.7497230122023,,0.001,5
25,144,1,PathIntegralAnnealingSampler,False,,616.8476438891256,,20.435,5
25,144,1,RandomSampler,False,,616.8476438891256,,0.001,5
25,151,2,PathIntegralAnnealingSampler,True,1048.0,646.0205983567656,1.6222392949477453,20.557,5
25,151,2,RandomSampler,False,,646.0205983567656,,0.001,5
25,138,3,PathIntegralAnnealingSampler,True,891.0,497.0,1.7927565392354126,20.118,5
25,138,3,RandomSampler,False,,497.0,,0.001,5
25,133,4,PathIntegralAnnealingSampler,True,840.0,532.6623299893998,1.57698405294911,20.12,5
25,133,4,RandomSampler,False,,532.6623299893998,,0.001,5
25,139,5,PathIntegralAnnealingSampler,True,915.5,658.982569194386,1.3892628466929098,20.608,5
25,139,5,RandomSampler,False,,658.982569194386,,0.001,5
25,139,6,PathIntegralAnnealingSampler,True,933.0,563.4866101110607,1.655762503063045,20.194,5
25,139,6,RandomSampler,False,,563.4866101110607,,0.001,5
25,145,7,PathIntegralAnnealingSampler,True,1008.25,730.0869401526016,1.3809999118587948,20.376,5
25,145,7,RandomSampler,False,,730.0869401526016,,0.001,5
25,163,8,PathIntegralAnnealingSampler,False,,688.0,,85.759,5
25,163,8,RandomSampler,False,,688.0,,0.001,5
25,145,9,PathIntegralAnnealingSampler,True,948.75,636.638712699087,1.4902486780574324,87.97,5
25,145,9,RandomSampler,False,,636.638712699087,,0.001,5
25,145,10,PathIntegralAnnealingSampler,True,980.0,628.4802862176558,1.5593170088084602,94.132,5
25,145,10,RandomSampler,False,,628.4802862176558,,0.001,5
25,152,11,PathIntegralAnnealingSampler,False,,600.0,,101.925,5
25,152,11,RandomSampler,False,,600.0,,0.002,5
25,150,12,PathIntegralAnnealingSampler,True,1012.5,714.6644162885715,1.4167488641146597,349.767,5
25,150,12,RandomSampler,False,,714.6644162885715,,0.001,5
25,142,13,PathIntegralAnnealingSampler,True,959.75,614.4104382475623,1.5620665604858934,2410.067,5
25,142,13,RandomSampler,False,,614.4104382475623,,0.002,5
25,137,14,PathIntegralAnnealingSampler,True,895.0,590.3230607445079,1.516118985545368,39.368,5
25,137,14,RandomSampler,False,,590.3230607445079,,0.001,5
25,153,15,PathIntegralAnnealingSampler,True,1016.5,628.5286142279851,1.6172692491471623,40.719,5
25,153,15,RandomSampler,False,,628.5286142279851,,0.001,5
25,139,16,PathIntegralAnnealingSampler,True,929.0,633.3039941319903,1.4669100599520017,40.321,5
25,139,16,RandomSampler,False,,633.3039941319903,,0.001,5
25,152,17,PathIntegralAnnealingSampler,False,,639.7362753118091,,40.327,5
25,152,17,RandomSampler,False,,639.7362753118091,,0.001,5
25,157,18,PathIntegralAnnealingSampler,True,1061.0,735.1361089535764,1.4432701469531568,40.132,5
25,157,18,RandomSampler,False,,735.1361089535764,,0.002,5
25,142,19,PathIntegralAnnealingSampler,False,,625.1573816780902,,39.902,5
25,142,19,RandomSampler,False,,625.1573816780902,,0.001,5
25,147,20,PathIntegralAnnealingSampler,False,,560.0000000000002,,39.51,5
25,147,20,RandomSampler,False,,560.0000000000002,,0.002,5
25,136,21,PathIntegralAnnealingSampler,False,,483.0,,39.934,5
25,136,21,RandomSampler,False,,483.0,,0.001,5
25,148,22,PathIntegralAnnealingSampler,True,1001.0,655.2232615442696,1.5277235390587065,53.441,5
25,148,22,RandomSampler,False,,655.2232615442696,,0.002,5
25,132,23,PathIntegralAnnealingSampler,True,884.0,520.6740124675725,1.6977993501357154,95.191,5
25,132,23,RandomSampler,False,,520.6740124675725,,0.002,5
25,144,24,PathIntegralAnnealingSampler,True,953.0,617.9358668713611,1.5422312429040326,40.012,5
25,144,24,RandomSampler,False,,617.9358668713611,,0.001,5
25,143,25,PathIntegralAnnealingSampler,False,,551.9834990020961,,39.066,5
25,143,25,RandomSampler,False,,551.9834990020961,,0.002,5
25,139,26,PathIntegralAnnealingSampler,False,,531.3616510962586,,39.378,5
25,139,26,RandomSampler,False,,531.3616510962586,,0.001,5
25,152,27,PathIntegralAnnealingSampler,False,,666.0090579285486,,39.12,5
25,152,27,RandomSampler,False,,666.0090579285486,,0.002,5
25,163,28,PathIntegralAnnealingSampler,True,1136.25,808.77542235047,1.404901742312867,40.826,5
25,163,28,RandomSampler,False,,808.77542235047,,0.002,5
25,143,29,PathIntegralAnnealingSampler,False,,556.6033982409189,,39.711,5
25,143,29,RandomSampler,False,,556.6033982409189,,0.001,5
25,147,30,PathIntegralAnnealingSampler,True,992.0,560.0000000000002,1.7714285714285707,39.774,5
25,147,30,RandomSampler,False,,560.0000000000002,,0.001,5
25,151,31,PathIntegralAnnealingSampler,True,1026.3333333333333,741.44516209104,1.3842336369676287,40.423,5
25,151,31,RandomSampler,False,,741.44516209104,,0.002,5
25,156,32,PathIntegralAnnealingSampler,False,,646.67963843884,,40.319,5
25,156,32,RandomSampler,False,,646.67963843884,,0.001,5
25,144,33,PathIntegralAnnealingSampler,False,,661.1241061631671,,39.71,5
25,144,33,RandomSampler,False,,661.1241061631671,,0.001,5
25,148,34,PathIntegralAnnealingSampler,True,985.6666666666666,720.5044987267643,1.3680229178422652,39.745,5
25,148,34,RandomSampler,False,,720.5044987267643,,0.001,5
25,154,35,PathIntegralAnnealingSampler,True,1084.5,770.7436784378532,1.4070825753615905,40.131,5
25,154,35,RandomSampler,False,,770.7436784378532,,0.001,5
25,151,36,PathIntegralAnnealingSampler,True,1062.5,630.171978106488,1.686047677322231,39.32,5
25,151,36,RandomSampler,False,,630.171978106488,,0.001,5
25,167,37,PathIntegralAnnealingSampler,True,1177.0,846.7289083258142,1.3900552921090303,39.975,5
25,167,37,RandomSampler,False,,846.7289083258142,,0.001,5
25,146,38,PathIntegralAnnealingSampler,True,1010.6666666666666,634.4625286045713,1.5929493407428077,39.533,5
25,146,38,RandomSampler,False,,634.4625286045713,,0.001,5
25,156,39,PathIntegralAnnealingSampler,False,,632.0,,39.896,5
25,156,39,RandomSampler,False,,632.0,,0.001,5
25,137,40,PathIntegralAnnealingSampler,True,864.5,606.7993644572981,1.4246883741764975,40.632,5
25,137,40,RandomSampler,False,,606.7993644572981,,0.001,5
25,158,41,PathIntegralAnnealingSampler,True,1064.0,748.8063535308739,1.4209281144355705,40.469,5
25,158,41,RandomSampler,False,,748.8063535308739,,0.001,5
25,147,42,PathIntegralAnnealingSampler,False,,560.0000000000002,,40.126,5
25,147,42,RandomSampler,False,,560.0000000000002,,0.001,5
25,155,43,PathIntegralAnnealingSampler,True,1084.4,805.1521734118801,1.346826147664473,40.409,5
25,155,43,RandomSampler,False,,805.1521734118801,,0.001,5
25,131,44,PathIntegralAnnealingSampler,True,870.0,600.3805671473688,1.4490808790392624,40.208,5
25,131,44,RandomSampler,False,,600.3805671473688,,0.001,5
25,152,45,PathIntegralAnnealingSampler,True,1018.25,783.1131866738441,1.300259039596644,40.156,5
25,152,45,RandomSampler,False,,783.1131866738441,,0.001,5
25,146,46,PathIntegralAnnealingSampler,True,992.0,653.5533790041304,1.5178561260161898,40.579,5
25,146,46,RandomSampler,False,,653.5533790041304,,0.001,5
25,158,47,PathIntegralAnnealingSampler,True,1116.5,828.6695348383632,1.3473404693437654,40.538,5
25,158,47,RandomSampler,False,,828.6695348383632,,0.001,5
25,140,48,PathIntegralAnnealingSampler,True,938.5,630.1537157996014,1.4893191557382761,40.006,5
25,140,48,RandomSampler,False,,630.1537157996014,,0.001,5
25,131,49,PathIntegralAnnealingSampler,True,867.0,551.7713846010962,1.5713029421175924,39.337,5
25,131,49,RandomSampler,False,,551.7713846010962,,0.001,5
25,151,50,PathIntegralAnnealingSampler,True,1045.75,741.5644400981964,1.4101943721324124,41.27,5
25,151,50,RandomSampler,False,,741.5644400981964,,0.001,5
25,160,51,PathIntegralAnnealingSampler,True,1119.25,811.1622198900014,1.379810317289897,39.325,5
25,160,51,RandomSampler,False,,811.1622198900014,,0.001,5
25,154,52,PathIntegralAnnealingSampler,False,,718.1883539171585,,40.355,5
25,154,52,RandomSampler,False,,718.1883539171585,,0.001,5
25,157,53,PathIntegralAnnealingSampler,True,1067.3333333333333,831.5379046508533,1.2835654602918984,40.287,5
25,157,53,RandomSampler,False,,831.5379046508533,,0.001,5
25,128,54,PathIntegralAnnealingSampler,True,846.0,469.52731728003033,1.8018120966866726,40.307,5
25,128,54,RandomSampler,False,,469.52731728003033,,0.001,5
25,156,55,PathIntegralAnnealingSampler,False,,632.0,,40.357,5
25,156,55,RandomSampler,False,,632.0,,0.002,5
25,149,56,PathIntegralAnnealingSampler,True,997.5,576.0,1.7317708333333333,40.026,5
25,149,56,RandomSampler,False,,576.0,,0.001,5
25,154,57,PathIntegralAnnealingSampler,True,1017.25,724.1986480023037,1.404656032990501,391.89,5
25,154,57,RandomSampler,False,,724.1986480023037,,0.001,5
25,145,58,PathIntegralAnnealingSampler,True,984.3333333333334,719.6705032724581,1.367755561548529,3816.428,5
25,145,58,RandomSampler,False,,719.6705032724581,,0.001,5
25,152,59,PathIntegralAnnealingSampler,True,1043.0,705.0145955922068,1.4794019961017801,744.321,5
25,152,59,RandomSampler,False,,705.0145955922068,,0.001,5
25,163,60,PathIntegralAnnealingSampler,True,1113.0,688.0,1.617732558139535,9282.494,5
25,163,60,RandomSampler,False,,688.0,,0.001,5
25,149,61,PathIntegralAnnealingSampler,True,994.6666666666666,699.9464394060343,1.4210611136342493,165.104,5
25,149,61,RandomSampler,False,,699.9464394060343,,0.001,5
25,151,62,PathIntegralAnnealingSampler,True,1012.0,650.1250185527372,1.5566236817848413,3946.322,5
25,151,62,RandomSampler,False,,650.1250185527372,,0.001,5
25,149,63,PathIntegralAnnealingSampler,True,978.0,576.0,1.6979166666666667,1037.816,5
25,149,63,RandomSampler,False,,576.0,,0.001,5
25,157,64,PathIntegralAnnealingSampler,True,1035.2,649.9327363197234,1.592780209628879,1015.458,5
25,157,64,RandomSampler,False,,649.9327363197234,,0.001,5
25,170,65,PathIntegralAnnealingSampler,True,1179.5,885.66367940103,1.3317696405905344,1093.881,5
25,170,65,RandomSampler,False,,885.66367940103,,0.001,5
25,152,66,PathIntegralAnnealingSampler,True,1035.0,643.3198830477327,1.6088419265026908,414.272,5
25,152,66,RandomSampler,False,,643.3198830477327,,0.001,5
25,145,67,PathIntegralAnnealingSampler,True,981.5,734.2913612920674,1.336662872177798,4720.374,5
25,145,67,RandomSampler,False,,734.2913612920674,,0.001,5
25,157,68,PathIntegralAnnealingSampler,True,1091.0,782.7074590039259,1.3938796512663971,140.156,5
25,157,68,RandomSampler,False,,782.7074590039259,,0.001,5
25,157,69,PathIntegralAnnealingSampler,True,1068.6666666666667,674.2123906159384,1.5850593693337018,2586.119,5
25,157,69,RandomSampler,False,,674.2123906159384,,0.001,5
25,161,70,PathIntegralAnnealingSampler,True,1140.0,827.5724129200966,1.3775229601691288,3599.017,5
25,161,70,RandomSampler,False,,827.5724129200966,,0.001,5
25,170,71,PathIntegralAnnealingSampler,True,1220.0,861.7290475424852,1.4157582403416096,1610.343,5
25,170,71,RandomSampler,False,,861.7290475424852,,0.001,5
25,156,72,PathIntegralAnnealingSampler,True,1090.0,776.7015661918612,1.4033704159298008,1064.74,5
25,156,72,RandomSampler,False,,776.7015661918612,,0.001,5
25,158,73,PathIntegralAnnealingSampler,True,1069.0,734.844509471784,1.4547295192671594,1916.639,5
25,158,73,RandomSampler,False,,734.844509471784,,0.001,5
25,150,74,PathIntegralAnnealingSampler,True,997.0,704.1242907887712,1.4159431978736947,2666.157,5
25,150,74,RandomSampler,False,,704.1242907887712,,0.001,5
25,150,75,PathIntegralAnnealingSampler,False,,600.2617668721499,,164.855,5
25,150,75,RandomSampler,False,,600.2617668721499,,0.001,5
25,144,76,PathIntegralAnnealingSampler,False,,670.2095250101112,,4446.008,5
25,144,76,RandomSampler,False,,670.2095250101112,,0.001,5
25,155,77,PathIntegralAnnealingSampler,True,1107.0,624.0,1.7740384615384615,2679.555,5
25,155,77,RandomSampler,False,,624.0,,0.002,5
25,149,78,PathIntegralAnnealingSampler,True,1028.0,576.0,1.7847222222222223,164.627,5
25,149,78,RandomSampler,False,,576.0,,0.001,5
25,149,79,PathIntegralAnnealingSampler,True,993.75,659.4240236114241,1.5069969616174959,1122.574,5
25,149,79,RandomSampler,False,,659.4240236114241,,0.001,5
25,154,80,PathIntegralAnnealingSampler,True,1136.0,696.1870796671146,1.6317453069413241,1065.289,5
25,154,80,RandomSampler,False,,696.1870796671146,,0.001,5
25,147,81,PathIntegralAnnealingSampler,True,972.5,702.9270781445081,1.383500551105634,1112.925,5
25,147,81,RandomSampler,False,,702.9270781445081,,0.001,5
25,145,82,PathIntegralAnnealingSampler,True,936.0,556.0557819980648,1.6832843579769798,756.494,5
25,145,82,RandomSampler,False,,556.0557819980648,,0.001,5
25,146,83,PathIntegralAnnealingSampler,True,995.5,705.1421488411394,1.411772082602135,2364.872,5
25,146,83,RandomSampler,False,,705.1421488411394,,0.002,5
25,158,84,PathIntegralAnnealingSampler,False,,660.5994996327601,,39.381,5
25,158,84,RandomSampler,False,,660.5994996327601,,0.002,5
25,174,85,PathIntegralAnnealingSampler,False,,786.0,,39.968,5
25,174,85,RandomSampler,False,,786.0,,0.001,5
25,165,86,PathIntegralAnnealingSampler,True,1093.2,817.3862595256695,1.3374337863648278,39.689,5
25,165,86,RandomSampler,False,,817.3862595256695,,0.002,5
25,163,87,PathIntegralAnnealingSampler,True,1063.6666666666667,747.2978896804525,1.4233502882250808,39.983,5
25,163,87,RandomSampler,False,,747.2978896804525,,0.002,5
25,165,88,PathIntegralAnnealingSampler,True,1162.0,913.0244431238358,1.272693199783694,39.932,5
25,165,88,RandomSampler,False,,913.0244431238358,,0.001,5
25,144,89,PathIntegralAnnealingSampler,True,1031.0,625.1439864822632,1.6492200553691991,40.081,5
25,144,89,RandomSampler,False,,625.1439864822632,,0.002,5
25,157,90,PathIntegralAnnealingSampler,False,,710.4722279150507,,39.966,5
25,157,90,RandomSampler,False,,710.4722279150507,,0.002,5
25,162,91,PathIntegralAnnealingSampler,False,,680.0,,41.075,5
25,162,91,RandomSampler,False,,680.0,,0.001,5
25,152,92,PathIntegralAnnealingSampler,False,,639.5822866582506,,39.251,5
25,152,92,RandomSampler,False,,639.5822866582506,,0.002,5
25,156,93,PathIntegralAnnealingSampler,True,1054.6666666666667,732.4745533907266,1.4398679951193774,39.809,5
25,156,93,RandomSampler,False,,732.4745533907266,,0.002,5
25,151,94,PathIntegralAnnealingSampler,False,,592.0,,39.451,5
25,151,94,RandomSampler,False,,592.0,,0.002,5
25,142,95,PathIntegralAnnealingSampler,True,887.0,525.0,1.6895238095238094,39.482,5
25,142,95,RandomSampler,False,,525.0,,0.002,5
25,146,96,PathIntegralAnnealingSampler,True,992.75,753.9334535665001,1.316760776834842,39.821,5
25,146,96,RandomSampler,False,,753.9334535665001,,0.001,5
25,135,97,PathIntegralAnnealingSampler,False,,512.9482691088253,,39.485,5
25,135,97,RandomSampler,False,,512.9482691088253,,0.002,5
25,144,98,PathIntegralAnnealingSampler,True,972.0,624.7265599351957,1.5558807041929317,39.618,5
25,144,98,RandomSampler,False,,624.7265599351957,,0.002,5
25,132,99,PathIntegralAnnealingSampler,True,801.0,466.4279728340346,1.7173069512385646,39.599,5
25,132,99,RandomSampler,False,,466.4279728340346,,0.002,5
